{
"lengthUnit": "mil",
"remark": [],
"components": {
	"fields": ["COMPONENT_NO", "COMPONENT_NAME", "LAYER", "X_COORDINATE", "Y_COORDINATE", "ANGLE"],
	"rows": [
		[1, "1M", "T", 80, -675, 270],
		[2, "1N4001", "T", 625, -495, 180],
		[3, "1uF", "T", 145, -1000, 180],
		[4, "1uF", "T", 995, -496.6188, 0],
		[5, "1uF", "T", 1205, -497.258, 90],
		[6, "2.2K", "T", 1445, -825, 90],
		[7, "2.2K", "T", 1560, -825, 90],
		[8, "4.7n", "T", 1325, -825, 270],
		[9, "10n", "T", 1680, -825, 90],
		[10, "47uF", "T", 325, -497.258, 90],
		[11, "100K", "T", 325, -825, 90],
		[12, "100K", "T", 200, -675, 270],
		[13, "100K", "T", 865, -825, 270],
		[14, "470R", "T", 1205, -825, 90],
		[15, "D1", "T", 980, -825, 90],
		[16, "D2", "T", 1090, -825, 270],
		[17, "Fuzz", "T", 1025, -130, 90],
		[18, "OPAMP", "T", 595, -814.4395, 0],
		[19, "Tone", "T", 350, -130, 90],
		[20, "Vol", "T", 1700, -130, 90],
		[21, "PAD1", "T", 1975, -468.1496, 0],
		[22, "PAD1", "B", 1975, -468.1496, 0],
		[23, "PAD2", "T", 1975, -546.8898, 0],
		[24, "PAD2", "B", 1975, -546.8898, 0],
		[25, "PAD3", "T", 1975, -625.6299, 0],
		[26, "PAD3", "B", 1975, -625.6299, 0],
		[27, "PAD4", "T", 1975, -704.3701, 0],
		[28, "PAD4", "B", 1975, -704.3701, 0],
		[29, "PAD5", "T", 495, -1045, 0],
		[30, "PAD5", "B", 495, -1045, 0],
		[31, "PAD6", "T", 1895, -1045, 0],
		[32, "PAD6", "B", 1895, -1045, 0],
		[33, "PAD7", "T", 80, -468.31, 0],
		[34, "PAD7", "B", 80, -468.31, 0],
		[35, "PAD8", "T", 80, -881.69, 0],
		[36, "PAD8", "B", 80, -881.69, 0],
		[37, "PAD9", "T", 796.26, -495, 0],
		[38, "PAD9", "B", 796.26, -495, 0],
		[39, "PAD10", "T", 453.74, -495, 0],
		[40, "PAD10", "B", 453.74, -495, 0],
		[41, "PAD11", "T", 174.53, -1000, 0],
		[42, "PAD11", "B", 174.53, -1000, 0],
		[43, "PAD12", "T", 115.47, -1000, 0],
		[44, "PAD12", "B", 115.47, -1000, 0],
		[45, "PAD13", "T", 965.47, -496.6188, 0],
		[46, "PAD13", "B", 965.47, -496.6188, 0],
		[47, "PAD14", "T", 1024.53, -496.6188, 0],
		[48, "PAD14", "B", 1024.53, -496.6188, 0],
		[49, "PAD15", "T", 1205, -526.788, 0],
		[50, "PAD15", "B", 1205, -526.788, 0],
		[51, "PAD16", "T", 1205, -467.728, 0],
		[52, "PAD16", "B", 1205, -467.728, 0],
		[53, "PAD17", "T", 1445, -1031.69, 0],
		[54, "PAD17", "B", 1445, -1031.69, 0],
		[55, "PAD18", "T", 1445, -618.31, 0],
		[56, "PAD18", "B", 1445, -618.31, 0],
		[57, "PAD19", "T", 1560, -1031.69, 0],
		[58, "PAD19", "B", 1560, -1031.69, 0],
		[59, "PAD20", "T", 1560, -618.31, 0],
		[60, "PAD20", "B", 1560, -618.31, 0],
		[61, "PAD21", "T", 1325, -726.575, 0],
		[62, "PAD21", "B", 1325, -726.575, 0],
		[63, "PAD22", "T", 1325, -923.425, 0],
		[64, "PAD22", "B", 1325, -923.425, 0],
		[65, "PAD23", "T", 1680, -923.425, 0],
		[66, "PAD23", "B", 1680, -923.425, 0],
		[67, "PAD24", "T", 1680, -726.575, 0],
		[68, "PAD24", "B", 1680, -726.575, 0],
		[69, "PAD25", "T", 325, -526.788, 0],
		[70, "PAD25", "B", 325, -526.788, 0],
		[71, "PAD26", "T", 325, -467.728, 0],
		[72, "PAD26", "B", 325, -467.728, 0],
		[73, "PAD27", "T", 325, -1031.69, 0],
		[74, "PAD27", "B", 325, -1031.69, 0],
		[75, "PAD28", "T", 325, -618.31, 0],
		[76, "PAD28", "B", 325, -618.31, 0],
		[77, "PAD29", "T", 200, -468.31, 0],
		[78, "PAD29", "B", 200, -468.31, 0],
		[79, "PAD30", "T", 200, -881.69, 0],
		[80, "PAD30", "B", 200, -881.69, 0],
		[81, "PAD31", "T", 865, -618.31, 0],
		[82, "PAD31", "B", 865, -618.31, 0],
		[83, "PAD32", "T", 865, -1031.69, 0],
		[84, "PAD32", "B", 865, -1031.69, 0],
		[85, "PAD33", "T", 1205, -1031.69, 0],
		[86, "PAD33", "B", 1205, -1031.69, 0],
		[87, "PAD34", "T", 1205, -618.31, 0],
		[88, "PAD34", "B", 1205, -618.31, 0],
		[89, "PAD35", "T", 980, -667.52, 0],
		[90, "PAD35", "B", 980, -667.52, 0],
		[91, "PAD36", "T", 980, -982.48, 0],
		[92, "PAD36", "B", 980, -982.48, 0],
		[93, "PAD37", "T", 1090, -982.48, 0],
		[94, "PAD37", "B", 1090, -982.48, 0],
		[95, "PAD38", "T", 1090, -667.52, 0],
		[96, "PAD38", "B", 1090, -667.52, 0],
		[97, "PAD39", "T", 1221.85, -130, 0],
		[98, "PAD39", "B", 1221.85, -130, 0],
		[99, "PAD40", "T", 1025, -130, 0],
		[100, "PAD40", "B", 1025, -130, 0],
		[101, "PAD41", "T", 828.15, -130, 0],
		[102, "PAD41", "B", 828.15, -130, 0],
		[103, "PAD42", "T", 545, -964.4395, 0],
		[104, "PAD42", "B", 545, -964.4395, 0],
		[105, "PAD43", "T", 645, -964.4395, 0],
		[106, "PAD43", "B", 645, -964.4395, 0],
		[107, "PAD44", "T", 745, -964.4395, 0],
		[108, "PAD44", "B", 745, -964.4395, 0],
		[109, "PAD45", "T", 545, -664.4395, 0],
		[110, "PAD45", "B", 545, -664.4395, 0],
		[111, "PAD46", "T", 645, -664.4395, 0],
		[112, "PAD46", "B", 645, -664.4395, 0],
		[113, "PAD47", "T", 546.85, -130, 0],
		[114, "PAD47", "B", 546.85, -130, 0],
		[115, "PAD48", "T", 350, -130, 0],
		[116, "PAD48", "B", 350, -130, 0],
		[117, "PAD49", "T", 153.15, -130, 0],
		[118, "PAD49", "B", 153.15, -130, 0],
		[119, "PAD50", "T", 1896.85, -130, 0],
		[120, "PAD50", "B", 1896.85, -130, 0],
		[121, "PAD51", "T", 1700, -130, 0],
		[122, "PAD51", "B", 1700, -130, 0],
		[123, "PAD52", "T", 1503.15, -130, 0],
		[124, "PAD52", "B", 1503.15, -130, 0]
	]
},
"pins": {
	"fields": ["PIN_NO", "PIN_NAME", "PIN_X", "PIN_Y", "LAYER", "PIN_TYPE", "NET_NAME", "NET_TYPE", "PAD_SHAPE", "PAD_SIZEX", "PAD_SIZEY", "HOLE_SIZE", "HOLE_LEN", "PAD_ANGLE"],
	"rows": [
		[1, "1M_1", 80, -468.31, "T", "DIP", "GND", "GND", "C", 55.118, 55.118, 27.56, 27.56, 270],
		[2, "1M_1", 80, -468.31, "B", "DIP", "GND", "GND", "C", 55.118, 55.118, 27.56, 27.56, 270],
		[3, "1M_2", 80, -881.69, "T", "DIP", "IN", "", "C", 55.118, 55.118, 27.56, 27.56, 270],
		[4, "1M_2", 80, -881.69, "B", "DIP", "IN", "", "C", 55.118, 55.118, 27.56, 27.56, 270],
		[5, "1N4001_1", 796.26, -495, "T", "DIP", "+9V", "", "C", 70.866, 70.866, 39.37, 39.37, 180],
		[6, "1N4001_1", 796.26, -495, "B", "DIP", "+9V", "", "C", 70.866, 70.866, 39.37, 39.37, 180],
		[7, "1N4001_2", 453.74, -495, "T", "DIP", "GND", "GND", "C", 70.866, 70.866, 39.37, 39.37, 180],
		[8, "1N4001_2", 453.74, -495, "B", "DIP", "GND", "GND", "C", 70.866, 70.866, 39.37, 39.37, 180],
		[9, "1uF_1", 174.53, -1000, "T", "DIP", "$1N1106", "", "C", 47.244, 47.244, 31.496, 31.496, 270],
		[10, "1uF_1", 174.53, -1000, "B", "DIP", "$1N1106", "", "C", 47.244, 47.244, 31.496, 31.496, 270],
		[11, "1uF_2", 115.47, -1000, "T", "DIP", "IN", "", "C", 47.244, 47.244, 31.496, 31.496, 270],
		[12, "1uF_2", 115.47, -1000, "B", "DIP", "IN", "", "C", 47.244, 47.244, 31.496, 31.496, 270],
		[13, "1uF_1", 965.47, -496.6188, "T", "DIP", "$1N1147", "", "C", 47.244, 47.244, 31.496, 31.496, 90],
		[14, "1uF_1", 965.47, -496.6188, "B", "DIP", "$1N1147", "", "C", 47.244, 47.244, 31.496, 31.496, 90],
		[15, "1uF_2", 1024.53, -496.6188, "T", "DIP", "$1N1390", "", "C", 47.244, 47.244, 31.496, 31.496, 90],
		[16, "1uF_2", 1024.53, -496.6188, "B", "DIP", "$1N1390", "", "C", 47.244, 47.244, 31.496, 31.496, 90],
		[17, "1uF_1", 1205, -526.788, "T", "DIP", "$1N846", "", "C", 47.244, 47.244, 31.496, 31.496, 180],
		[18, "1uF_1", 1205, -526.788, "B", "DIP", "$1N846", "", "C", 47.244, 47.244, 31.496, 31.496, 180],
		[19, "1uF_2", 1205, -467.728, "T", "DIP", "$1N1198", "", "C", 47.244, 47.244, 31.496, 31.496, 180],
		[20, "1uF_2", 1205, -467.728, "B", "DIP", "$1N1198", "", "C", 47.244, 47.244, 31.496, 31.496, 180],
		[21, "2.2K_1", 1445, -1031.69, "T", "DIP", "$1N1287", "", "C", 55.118, 55.118, 27.56, 27.56, 90],
		[22, "2.2K_1", 1445, -1031.69, "B", "DIP", "$1N1287", "", "C", 55.118, 55.118, 27.56, 27.56, 90],
		[23, "2.2K_2", 1445, -618.31, "T", "DIP", "GND", "GND", "C", 55.118, 55.118, 27.56, 27.56, 90],
		[24, "2.2K_2", 1445, -618.31, "B", "DIP", "GND", "GND", "C", 55.118, 55.118, 27.56, 27.56, 90],
		[25, "2.2K_1", 1560, -1031.69, "T", "DIP", "$1N1287", "", "C", 55.118, 55.118, 27.56, 27.56, 90],
		[26, "2.2K_1", 1560, -1031.69, "B", "DIP", "$1N1287", "", "C", 55.118, 55.118, 27.56, 27.56, 90],
		[27, "2.2K_2", 1560, -618.31, "T", "DIP", "$1N1323", "", "C", 55.118, 55.118, 27.56, 27.56, 90],
		[28, "2.2K_2", 1560, -618.31, "B", "DIP", "$1N1323", "", "C", 55.118, 55.118, 27.56, 27.56, 90],
		[29, "4.7n_1", 1325, -726.575, "T", "DIP", "$1N1390", "", "C", 62.992, 62.992, 31.496, 31.496, 270],
		[30, "4.7n_1", 1325, -726.575, "B", "DIP", "$1N1390", "", "C", 62.992, 62.992, 31.496, 31.496, 270],
		[31, "4.7n_2", 1325, -923.425, "T", "DIP", "$1N1287", "", "C", 62.992, 62.992, 31.496, 31.496, 270],
		[32, "4.7n_2", 1325, -923.425, "B", "DIP", "$1N1287", "", "C", 62.992, 62.992, 31.496, 31.496, 270],
		[33, "10n_1", 1680, -923.425, "T", "DIP", "GND", "GND", "C", 62.992, 62.992, 31.496, 31.496, 90],
		[34, "10n_1", 1680, -923.425, "B", "DIP", "GND", "GND", "C", 62.992, 62.992, 31.496, 31.496, 90],
		[35, "10n_2", 1680, -726.575, "T", "DIP", "$1N1323", "", "C", 62.992, 62.992, 31.496, 31.496, 90],
		[36, "10n_2", 1680, -726.575, "B", "DIP", "$1N1323", "", "C", 62.992, 62.992, 31.496, 31.496, 90],
		[37, "47uF_1", 325, -526.788, "T", "DIP", "+9V", "", "C", 47.244, 47.244, 31.496, 31.496, 180],
		[38, "47uF_1", 325, -526.788, "B", "DIP", "+9V", "", "C", 47.244, 47.244, 31.496, 31.496, 180],
		[39, "47uF_2", 325, -467.728, "T", "DIP", "GND", "GND", "C", 47.244, 47.244, 31.496, 31.496, 180],
		[40, "47uF_2", 325, -467.728, "B", "DIP", "GND", "GND", "C", 47.244, 47.244, 31.496, 31.496, 180],
		[41, "100K_1", 325, -1031.69, "T", "DIP", "$1N1106", "", "C", 55.118, 55.118, 27.56, 27.56, 90],
		[42, "100K_1", 325, -1031.69, "B", "DIP", "$1N1106", "", "C", 55.118, 55.118, 27.56, 27.56, 90],
		[43, "100K_2", 325, -618.31, "T", "DIP", "+9V", "", "C", 55.118, 55.118, 27.56, 27.56, 90],
		[44, "100K_2", 325, -618.31, "B", "DIP", "+9V", "", "C", 55.118, 55.118, 27.56, 27.56, 90],
		[45, "100K_1", 200, -468.31, "T", "DIP", "GND", "GND", "C", 55.118, 55.118, 27.56, 27.56, 270],
		[46, "100K_1", 200, -468.31, "B", "DIP", "GND", "GND", "C", 55.118, 55.118, 27.56, 27.56, 270],
		[47, "100K_2", 200, -881.69, "T", "DIP", "$1N1106", "", "C", 55.118, 55.118, 27.56, 27.56, 270],
		[48, "100K_2", 200, -881.69, "B", "DIP", "$1N1106", "", "C", 55.118, 55.118, 27.56, 27.56, 270],
		[49, "100K_1", 865, -618.31, "T", "DIP", "$1N1147", "", "C", 55.118, 55.118, 27.56, 27.56, 270],
		[50, "100K_1", 865, -618.31, "B", "DIP", "$1N1147", "", "C", 55.118, 55.118, 27.56, 27.56, 270],
		[51, "100K_2", 865, -1031.69, "T", "DIP", "$1N1141", "", "C", 55.118, 55.118, 27.56, 27.56, 270],
		[52, "100K_2", 865, -1031.69, "B", "DIP", "$1N1141", "", "C", 55.118, 55.118, 27.56, 27.56, 270],
		[53, "470R_1", 1205, -1031.69, "T", "DIP", "$1N1141", "", "C", 55.118, 55.118, 27.56, 27.56, 90],
		[54, "470R_1", 1205, -1031.69, "B", "DIP", "$1N1141", "", "C", 55.118, 55.118, 27.56, 27.56, 90],
		[55, "470R_2", 1205, -618.31, "T", "DIP", "$1N846", "", "C", 55.118, 55.118, 27.56, 27.56, 90],
		[56, "470R_2", 1205, -618.31, "B", "DIP", "$1N846", "", "C", 55.118, 55.118, 27.56, 27.56, 90],
		[57, "D1_1", 980, -982.48, "T", "DIP", "$1N1141", "", "C", 55.118, 55.118, 31.496, 31.496, 90],
		[58, "D1_1", 980, -982.48, "B", "DIP", "$1N1141", "", "C", 55.118, 55.118, 31.496, 31.496, 90],
		[59, "D1_2", 980, -667.52, "T", "DIP", "$1N1147", "", "C", 55.118, 55.118, 31.496, 31.496, 90],
		[60, "D1_2", 980, -667.52, "B", "DIP", "$1N1147", "", "C", 55.118, 55.118, 31.496, 31.496, 90],
		[61, "D2_1", 1090, -667.52, "T", "DIP", "$1N1147", "", "C", 55.118, 55.118, 31.496, 31.496, 270],
		[62, "D2_1", 1090, -667.52, "B", "DIP", "$1N1147", "", "C", 55.118, 55.118, 31.496, 31.496, 270],
		[63, "D2_2", 1090, -982.48, "T", "DIP", "$1N1141", "", "C", 55.118, 55.118, 31.496, 31.496, 270],
		[64, "D2_2", 1090, -982.48, "B", "DIP", "$1N1141", "", "C", 55.118, 55.118, 31.496, 31.496, 270],
		[65, "Fuzz_1", 1221.85, -130, "T", "DIP", "GND", "GND", "C", 74.803, 74.803, 47.244, 47.244, 90],
		[66, "Fuzz_1", 1221.85, -130, "B", "DIP", "GND", "GND", "C", 74.803, 74.803, 47.244, 47.244, 90],
		[67, "Fuzz_2", 1025, -130, "T", "DIP", "$1N1198", "", "C", 74.803, 74.803, 47.244, 47.244, 90],
		[68, "Fuzz_2", 1025, -130, "B", "DIP", "$1N1198", "", "C", 74.803, 74.803, 47.244, 47.244, 90],
		[69, "Fuzz_3", 828.15, -130, "T", "DIP", "$1N1198", "", "C", 74.803, 74.803, 47.244, 47.244, 90],
		[70, "Fuzz_3", 828.15, -130, "B", "DIP", "$1N1198", "", "C", 74.803, 74.803, 47.244, 47.244, 90],
		[71, "OPAMP_1", 445, -964.4395, "T", "DIP", "NET_1", "", "C", 70.866, 70.866, 39.37, 39.37, 0],
		[72, "OPAMP_1", 445, -964.4395, "B", "DIP", "NET_1", "", "C", 70.866, 70.866, 39.37, 39.37, 0],
		[73, "OPAMP_2", 545, -964.4395, "T", "DIP", "$1N1141", "", "C", 70.866, 70.866, 39.37, 39.37, 0],
		[74, "OPAMP_2", 545, -964.4395, "B", "DIP", "$1N1141", "", "C", 70.866, 70.866, 39.37, 39.37, 0],
		[75, "OPAMP_3", 645, -964.4395, "T", "DIP", "$1N1106", "", "C", 70.866, 70.866, 39.37, 39.37, 0],
		[76, "OPAMP_3", 645, -964.4395, "B", "DIP", "$1N1106", "", "C", 70.866, 70.866, 39.37, 39.37, 0],
		[77, "OPAMP_4", 745, -964.4395, "T", "DIP", "GND", "GND", "C", 70.866, 70.866, 39.37, 39.37, 0],
		[78, "OPAMP_4", 745, -964.4395, "B", "DIP", "GND", "GND", "C", 70.866, 70.866, 39.37, 39.37, 0],
		[79, "OPAMP_5", 745, -664.4395, "T", "DIP", "NET_2", "", "C", 75, 75, 39.37, 39.37, 0],
		[80, "OPAMP_5", 745, -664.4395, "B", "DIP", "NET_2", "", "C", 75, 75, 39.37, 39.37, 0],
		[81, "OPAMP_6", 645, -664.4395, "T", "DIP", "$1N1147", "", "C", 75, 75, 39.37, 39.37, 0],
		[82, "OPAMP_6", 645, -664.4395, "B", "DIP", "$1N1147", "", "C", 75, 75, 39.37, 39.37, 0],
		[83, "OPAMP_7", 545, -664.4395, "T", "DIP", "+9V", "", "C", 70.866, 70.866, 39.37, 39.37, 0],
		[84, "OPAMP_7", 545, -664.4395, "B", "DIP", "+9V", "", "C", 70.866, 70.866, 39.37, 39.37, 0],
		[85, "OPAMP_8", 445, -664.4395, "T", "DIP", "NET_3", "", "C", 70.866, 70.866, 39.37, 39.37, 0],
		[86, "OPAMP_8", 445, -664.4395, "B", "DIP", "NET_3", "", "C", 70.866, 70.866, 39.37, 39.37, 0],
		[87, "Tone_1", 546.85, -130, "T", "DIP", "$1N1323", "", "C", 74.803, 74.803, 47.244, 47.244, 90],
		[88, "Tone_1", 546.85, -130, "B", "DIP", "$1N1323", "", "C", 74.803, 74.803, 47.244, 47.244, 90],
		[89, "Tone_2", 350, -130, "T", "DIP", "$1N1340", "", "C", 74.803, 74.803, 47.244, 47.244, 90],
		[90, "Tone_2", 350, -130, "B", "DIP", "$1N1340", "", "C", 74.803, 74.803, 47.244, 47.244, 90],
		[91, "Tone_3", 153.15, -130, "T", "DIP", "$1N1287", "", "C", 74.803, 74.803, 47.244, 47.244, 90],
		[92, "Tone_3", 153.15, -130, "B", "DIP", "$1N1287", "", "C", 74.803, 74.803, 47.244, 47.244, 90],
		[93, "Vol_1", 1896.85, -130, "T", "DIP", "GND", "GND", "C", 74.803, 74.803, 47.244, 47.244, 90],
		[94, "Vol_1", 1896.85, -130, "B", "DIP", "GND", "GND", "C", 74.803, 74.803, 47.244, 47.244, 90],
		[95, "Vol_2", 1700, -130, "T", "DIP", "OUT", "", "C", 74.803, 74.803, 47.244, 47.244, 90],
		[96, "Vol_2", 1700, -130, "B", "DIP", "OUT", "", "C", 74.803, 74.803, 47.244, 47.244, 90],
		[97, "Vol_3", 1503.15, -130, "T", "DIP", "$1N1340", "", "C", 74.803, 74.803, 47.244, 47.244, 90],
		[98, "Vol_3", 1503.15, -130, "B", "DIP", "$1N1340", "", "C", 74.803, 74.803, 47.244, 47.244, 90],
		[99, "PAD1_1", 1975, -468.1496, "T", "DIP", "GND", "GND", "C", 60, 60, 36, 36, 0],
		[100, "PAD1_1", 1975, -468.1496, "B", "DIP", "GND", "GND", "C", 60, 60, 36, 36, 0],
		[101, "PAD2_2", 1975, -546.8898, "T", "DIP", "GND", "GND", "C", 60, 60, 36, 36, 0],
		[102, "PAD2_2", 1975, -546.8898, "B", "DIP", "GND", "GND", "C", 60, 60, 36, 36, 0],
		[103, "PAD3_3", 1975, -625.6299, "T", "DIP", "GND", "GND", "C", 60, 60, 36, 36, 0],
		[104, "PAD3_3", 1975, -625.6299, "B", "DIP", "GND", "GND", "C", 60, 60, 36, 36, 0],
		[105, "PAD4_4", 1975, -704.3701, "T", "DIP", "GND", "GND", "C", 60, 60, 36, 36, 0],
		[106, "PAD4_4", 1975, -704.3701, "B", "DIP", "GND", "GND", "C", 60, 60, 36, 36, 0],
		[107, "PAD5_7", 495, -1045, "T", "DIP", "IN", "", "C", 60, 60, 36, 36, 0],
		[108, "PAD5_7", 495, -1045, "B", "DIP", "IN", "", "C", 60, 60, 36, 36, 0],
		[109, "PAD6_8", 1895, -1045, "T", "DIP", "OUT", "", "C", 60, 60, 36, 36, 0],
		[110, "PAD6_8", 1895, -1045, "B", "DIP", "OUT", "", "C", 60, 60, 36, 36, 0],
		[111, "PAD7_1", 80, -468.31, "T", "DIP", "GND", "GND", "C", 55.118, 55.118, 27.56, 27.56, 270],
		[112, "PAD7_1", 80, -468.31, "B", "DIP", "GND", "GND", "C", 55.118, 55.118, 27.56, 27.56, 270],
		[113, "PAD8_2", 80, -881.69, "T", "DIP", "IN", "", "C", 55.118, 55.118, 27.56, 27.56, 270],
		[114, "PAD8_2", 80, -881.69, "B", "DIP", "IN", "", "C", 55.118, 55.118, 27.56, 27.56, 270],
		[115, "PAD9_1", 796.26, -495, "T", "DIP", "+9V", "", "C", 70.866, 70.866, 39.37, 39.37, 180],
		[116, "PAD9_1", 796.26, -495, "B", "DIP", "+9V", "", "C", 70.866, 70.866, 39.37, 39.37, 180],
		[117, "PAD10_2", 453.74, -495, "T", "DIP", "GND", "GND", "C", 70.866, 70.866, 39.37, 39.37, 180],
		[118, "PAD10_2", 453.74, -495, "B", "DIP", "GND", "GND", "C", 70.866, 70.866, 39.37, 39.37, 180],
		[119, "PAD11_1", 174.53, -1000, "T", "DIP", "$1N1106", "", "C", 47.244, 47.244, 31.496, 31.496, 270],
		[120, "PAD11_1", 174.53, -1000, "B", "DIP", "$1N1106", "", "C", 47.244, 47.244, 31.496, 31.496, 270],
		[121, "PAD12_2", 115.47, -1000, "T", "DIP", "IN", "", "C", 47.244, 47.244, 31.496, 31.496, 270],
		[122, "PAD12_2", 115.47, -1000, "B", "DIP", "IN", "", "C", 47.244, 47.244, 31.496, 31.496, 270],
		[123, "PAD13_1", 965.47, -496.6188, "T", "DIP", "$1N1147", "", "C", 47.244, 47.244, 31.496, 31.496, 90],
		[124, "PAD13_1", 965.47, -496.6188, "B", "DIP", "$1N1147", "", "C", 47.244, 47.244, 31.496, 31.496, 90],
		[125, "PAD14_2", 1024.53, -496.6188, "T", "DIP", "$1N1390", "", "C", 47.244, 47.244, 31.496, 31.496, 90],
		[126, "PAD14_2", 1024.53, -496.6188, "B", "DIP", "$1N1390", "", "C", 47.244, 47.244, 31.496, 31.496, 90],
		[127, "PAD15_1", 1205, -526.788, "T", "DIP", "$1N846", "", "C", 47.244, 47.244, 31.496, 31.496, 180],
		[128, "PAD15_1", 1205, -526.788, "B", "DIP", "$1N846", "", "C", 47.244, 47.244, 31.496, 31.496, 180],
		[129, "PAD16_2", 1205, -467.728, "T", "DIP", "$1N1198", "", "C", 47.244, 47.244, 31.496, 31.496, 180],
		[130, "PAD16_2", 1205, -467.728, "B", "DIP", "$1N1198", "", "C", 47.244, 47.244, 31.496, 31.496, 180],
		[131, "PAD17_1", 1445, -1031.69, "T", "DIP", "$1N1287", "", "C", 55.118, 55.118, 27.56, 27.56, 90],
		[132, "PAD17_1", 1445, -1031.69, "B", "DIP", "$1N1287", "", "C", 55.118, 55.118, 27.56, 27.56, 90],
		[133, "PAD18_2", 1445, -618.31, "T", "DIP", "GND", "GND", "C", 55.118, 55.118, 27.56, 27.56, 90],
		[134, "PAD18_2", 1445, -618.31, "B", "DIP", "GND", "GND", "C", 55.118, 55.118, 27.56, 27.56, 90],
		[135, "PAD19_1", 1560, -1031.69, "T", "DIP", "$1N1287", "", "C", 55.118, 55.118, 27.56, 27.56, 90],
		[136, "PAD19_1", 1560, -1031.69, "B", "DIP", "$1N1287", "", "C", 55.118, 55.118, 27.56, 27.56, 90],
		[137, "PAD20_2", 1560, -618.31, "T", "DIP", "$1N1323", "", "C", 55.118, 55.118, 27.56, 27.56, 90],
		[138, "PAD20_2", 1560, -618.31, "B", "DIP", "$1N1323", "", "C", 55.118, 55.118, 27.56, 27.56, 90],
		[139, "PAD21_1", 1325, -726.575, "T", "DIP", "$1N1390", "", "C", 62.992, 62.992, 31.496, 31.496, 270],
		[140, "PAD21_1", 1325, -726.575, "B", "DIP", "$1N1390", "", "C", 62.992, 62.992, 31.496, 31.496, 270],
		[141, "PAD22_2", 1325, -923.425, "T", "DIP", "$1N1287", "", "C", 62.992, 62.992, 31.496, 31.496, 270],
		[142, "PAD22_2", 1325, -923.425, "B", "DIP", "$1N1287", "", "C", 62.992, 62.992, 31.496, 31.496, 270],
		[143, "PAD23_1", 1680, -923.425, "T", "DIP", "GND", "GND", "C", 62.992, 62.992, 31.496, 31.496, 90],
		[144, "PAD23_1", 1680, -923.425, "B", "DIP", "GND", "GND", "C", 62.992, 62.992, 31.496, 31.496, 90],
		[145, "PAD24_2", 1680, -726.575, "T", "DIP", "$1N1323", "", "C", 62.992, 62.992, 31.496, 31.496, 90],
		[146, "PAD24_2", 1680, -726.575, "B", "DIP", "$1N1323", "", "C", 62.992, 62.992, 31.496, 31.496, 90],
		[147, "PAD25_1", 325, -526.788, "T", "DIP", "+9V", "", "C", 47.244, 47.244, 31.496, 31.496, 180],
		[148, "PAD25_1", 325, -526.788, "B", "DIP", "+9V", "", "C", 47.244, 47.244, 31.496, 31.496, 180],
		[149, "PAD26_2", 325, -467.728, "T", "DIP", "GND", "GND", "C", 47.244, 47.244, 31.496, 31.496, 180],
		[150, "PAD26_2", 325, -467.728, "B", "DIP", "GND", "GND", "C", 47.244, 47.244, 31.496, 31.496, 180],
		[151, "PAD27_1", 325, -1031.69, "T", "DIP", "$1N1106", "", "C", 55.118, 55.118, 27.56, 27.56, 90],
		[152, "PAD27_1", 325, -1031.69, "B", "DIP", "$1N1106", "", "C", 55.118, 55.118, 27.56, 27.56, 90],
		[153, "PAD28_2", 325, -618.31, "T", "DIP", "+9V", "", "C", 55.118, 55.118, 27.56, 27.56, 90],
		[154, "PAD28_2", 325, -618.31, "B", "DIP", "+9V", "", "C", 55.118, 55.118, 27.56, 27.56, 90],
		[155, "PAD29_1", 200, -468.31, "T", "DIP", "GND", "GND", "C", 55.118, 55.118, 27.56, 27.56, 270],
		[156, "PAD29_1", 200, -468.31, "B", "DIP", "GND", "GND", "C", 55.118, 55.118, 27.56, 27.56, 270],
		[157, "PAD30_2", 200, -881.69, "T", "DIP", "$1N1106", "", "C", 55.118, 55.118, 27.56, 27.56, 270],
		[158, "PAD30_2", 200, -881.69, "B", "DIP", "$1N1106", "", "C", 55.118, 55.118, 27.56, 27.56, 270],
		[159, "PAD31_1", 865, -618.31, "T", "DIP", "$1N1147", "", "C", 55.118, 55.118, 27.56, 27.56, 270],
		[160, "PAD31_1", 865, -618.31, "B", "DIP", "$1N1147", "", "C", 55.118, 55.118, 27.56, 27.56, 270],
		[161, "PAD32_2", 865, -1031.69, "T", "DIP", "$1N1141", "", "C", 55.118, 55.118, 27.56, 27.56, 270],
		[162, "PAD32_2", 865, -1031.69, "B", "DIP", "$1N1141", "", "C", 55.118, 55.118, 27.56, 27.56, 270],
		[163, "PAD33_1", 1205, -1031.69, "T", "DIP", "$1N1141", "", "C", 55.118, 55.118, 27.56, 27.56, 90],
		[164, "PAD33_1", 1205, -1031.69, "B", "DIP", "$1N1141", "", "C", 55.118, 55.118, 27.56, 27.56, 90],
		[165, "PAD34_2", 1205, -618.31, "T", "DIP", "$1N846", "", "C", 55.118, 55.118, 27.56, 27.56, 90],
		[166, "PAD34_2", 1205, -618.31, "B", "DIP", "$1N846", "", "C", 55.118, 55.118, 27.56, 27.56, 90],
		[167, "PAD35_2", 980, -667.52, "T", "DIP", "$1N1147", "", "C", 55.118, 55.118, 31.496, 31.496, 90],
		[168, "PAD35_2", 980, -667.52, "B", "DIP", "$1N1147", "", "C", 55.118, 55.118, 31.496, 31.496, 90],
		[169, "PAD36_1", 980, -982.48, "T", "DIP", "$1N1141", "", "C", 55.118, 55.118, 31.496, 31.496, 90],
		[170, "PAD36_1", 980, -982.48, "B", "DIP", "$1N1141", "", "C", 55.118, 55.118, 31.496, 31.496, 90],
		[171, "PAD37_2", 1090, -982.48, "T", "DIP", "$1N1141", "", "C", 55.118, 55.118, 31.496, 31.496, 270],
		[172, "PAD37_2", 1090, -982.48, "B", "DIP", "$1N1141", "", "C", 55.118, 55.118, 31.496, 31.496, 270],
		[173, "PAD38_1", 1090, -667.52, "T", "DIP", "$1N1147", "", "C", 55.118, 55.118, 31.496, 31.496, 270],
		[174, "PAD38_1", 1090, -667.52, "B", "DIP", "$1N1147", "", "C", 55.118, 55.118, 31.496, 31.496, 270],
		[175, "PAD39_1", 1221.85, -130, "T", "DIP", "GND", "GND", "C", 74.803, 74.803, 47.244, 47.244, 90],
		[176, "PAD39_1", 1221.85, -130, "B", "DIP", "GND", "GND", "C", 74.803, 74.803, 47.244, 47.244, 90],
		[177, "PAD40_2", 1025, -130, "T", "DIP", "$1N1198", "", "C", 74.803, 74.803, 47.244, 47.244, 90],
		[178, "PAD40_2", 1025, -130, "B", "DIP", "$1N1198", "", "C", 74.803, 74.803, 47.244, 47.244, 90],
		[179, "PAD41_3", 828.15, -130, "T", "DIP", "$1N1198", "", "C", 74.803, 74.803, 47.244, 47.244, 90],
		[180, "PAD41_3", 828.15, -130, "B", "DIP", "$1N1198", "", "C", 74.803, 74.803, 47.244, 47.244, 90],
		[181, "PAD42_2", 545, -964.4395, "T", "DIP", "$1N1141", "", "C", 70.866, 70.866, 39.37, 39.37, 0],
		[182, "PAD42_2", 545, -964.4395, "B", "DIP", "$1N1141", "", "C", 70.866, 70.866, 39.37, 39.37, 0],
		[183, "PAD43_3", 645, -964.4395, "T", "DIP", "$1N1106", "", "C", 70.866, 70.866, 39.37, 39.37, 0],
		[184, "PAD43_3", 645, -964.4395, "B", "DIP", "$1N1106", "", "C", 70.866, 70.866, 39.37, 39.37, 0],
		[185, "PAD44_4", 745, -964.4395, "T", "DIP", "GND", "GND", "C", 70.866, 70.866, 39.37, 39.37, 0],
		[186, "PAD44_4", 745, -964.4395, "B", "DIP", "GND", "GND", "C", 70.866, 70.866, 39.37, 39.37, 0],
		[187, "PAD45_7", 545, -664.4395, "T", "DIP", "+9V", "", "C", 70.866, 70.866, 39.37, 39.37, 0],
		[188, "PAD45_7", 545, -664.4395, "B", "DIP", "+9V", "", "C", 70.866, 70.866, 39.37, 39.37, 0],
		[189, "PAD46_6", 645, -664.4395, "T", "DIP", "$1N1147", "", "C", 75, 75, 39.37, 39.37, 0],
		[190, "PAD46_6", 645, -664.4395, "B", "DIP", "$1N1147", "", "C", 75, 75, 39.37, 39.37, 0],
		[191, "PAD47_1", 546.85, -130, "T", "DIP", "$1N1323", "", "C", 74.803, 74.803, 47.244, 47.244, 90],
		[192, "PAD47_1", 546.85, -130, "B", "DIP", "$1N1323", "", "C", 74.803, 74.803, 47.244, 47.244, 90],
		[193, "PAD48_2", 350, -130, "T", "DIP", "$1N1340", "", "C", 74.803, 74.803, 47.244, 47.244, 90],
		[194, "PAD48_2", 350, -130, "B", "DIP", "$1N1340", "", "C", 74.803, 74.803, 47.244, 47.244, 90],
		[195, "PAD49_3", 153.15, -130, "T", "DIP", "$1N1287", "", "C", 74.803, 74.803, 47.244, 47.244, 90],
		[196, "PAD49_3", 153.15, -130, "B", "DIP", "$1N1287", "", "C", 74.803, 74.803, 47.244, 47.244, 90],
		[197, "PAD50_1", 1896.85, -130, "T", "DIP", "GND", "GND", "C", 74.803, 74.803, 47.244, 47.244, 90],
		[198, "PAD50_1", 1896.85, -130, "B", "DIP", "GND", "GND", "C", 74.803, 74.803, 47.244, 47.244, 90],
		[199, "PAD51_2", 1700, -130, "T", "DIP", "OUT", "", "C", 74.803, 74.803, 47.244, 47.244, 90],
		[200, "PAD51_2", 1700, -130, "B", "DIP", "OUT", "", "C", 74.803, 74.803, 47.244, 47.244, 90],
		[201, "PAD52_3", 1503.15, -130, "T", "DIP", "$1N1340", "", "C", 74.803, 74.803, 47.244, 47.244, 90],
		[202, "PAD52_3", 1503.15, -130, "B", "DIP", "$1N1340", "", "C", 74.803, 74.803, 47.244, 47.244, 90]
	]
}
}