{
"lengthUnit": "mil",
"remark": [],
"components": {
	"fields": ["COMPONENT_NO", "COMPONENT_NAME", "LAYER", "X_COORDINATE", "Y_COORDINATE", "ANGLE"],
	"rows": [
		[1, "A100K", "T", 495, -80, 90],
		[2, "C1", "T", 760, -515, 90],
		[3, "C2", "T", 90, -180, 90],
		[4, "D1", "T", 340, -695, 0],
		[5, "NPN", "T", 585, -495, 180],
		[6, "R1", "T", 90, -590, 270],
		[7, "PAD1", "T", 88.6378, -879.5885, 0],
		[8, "PAD1", "B", 88.6378, -879.5885, 0],
		[9, "PAD2", "T", 167.378, -879.5885, 0],
		[10, "PAD2", "B", 167.378, -879.5885, 0],
		[11, "PAD3", "T", 779.8189, -879.5885, 0],
		[12, "PAD3", "B", 779.8189, -879.5885, 0],
		[13, "PAD4", "T", 701.0788, -879.5885, 0],
		[14, "PAD4", "B", 701.0788, -879.5885, 0],
		[15, "PAD5", "T", 622.3386, -879.5885, 0],
		[16, "PAD5", "B", 622.3386, -879.5885, 0],
		[17, "PAD6", "T", 543.5985, -879.5885, 0],
		[18, "PAD6", "B", 543.5985, -879.5885, 0],
		[19, "PAD7", "T", 286.1182, -879.5885, 0],
		[20, "PAD7", "B", 286.1182, -879.5885, 0],
		[21, "PAD8", "T", 409.8583, -879.5885, 0],
		[22, "PAD8", "B", 409.8583, -879.5885, 0],
		[23, "PAD9", "T", 691.85, -80, 0],
		[24, "PAD9", "B", 691.85, -80, 0],
		[25, "PAD10", "T", 495, -80, 0],
		[26, "PAD10", "B", 495, -80, 0],
		[27, "PAD11", "T", 298.15, -80, 0],
		[28, "PAD11", "B", 298.15, -80, 0],
		[29, "PAD12", "T", 760, -613.425, 0],
		[30, "PAD12", "B", 760, -613.425, 0],
		[31, "PAD13", "T", 760, -416.575, 0],
		[32, "PAD13", "B", 760, -416.575, 0],
		[33, "PAD14", "T", 90, -278.425, 0],
		[34, "PAD14", "B", 90, -278.425, 0],
		[35, "PAD15", "T", 90, -81.575, 0],
		[36, "PAD15", "B", 90, -81.575, 0],
		[37, "PAD16", "T", 497.48, -695, 0],
		[38, "PAD16", "B", 497.48, -695, 0],
		[39, "PAD17", "T", 182.52, -695, 0],
		[40, "PAD17", "B", 182.52, -695, 0],
		[41, "PAD18", "T", 535, -495, 0],
		[42, "PAD18", "B", 535, -495, 0],
		[43, "PAD19", "T", 585, -495, 0],
		[44, "PAD19", "B", 585, -495, 0],
		[45, "PAD20", "T", 635, -495, 0],
		[46, "PAD20", "B", 635, -495, 0],
		[47, "PAD21", "T", 90, -383.31, 0],
		[48, "PAD21", "B", 90, -383.31, 0],
		[49, "PAD22", "T", 90, -796.69, 0],
		[50, "PAD22", "B", 90, -796.69, 0]
	]
},
"pins": {
	"fields": ["PIN_NO", "PIN_NAME", "PIN_X", "PIN_Y", "LAYER", "PIN_TYPE", "NET_NAME", "NET_TYPE", "PAD_SHAPE", "PAD_SIZEX", "PAD_SIZEY", "HOLE_SIZE", "HOLE_LEN", "PAD_ANGLE"],
	"rows": [
		[1, "A100K_1", 691.85, -80, "T", "DIP", "GND", "GND", "C", 74.803, 74.803, 47.244, 47.244, 90],
		[2, "A100K_1", 691.85, -80, "B", "DIP", "GND", "GND", "C", 74.803, 74.803, 47.244, 47.244, 90],
		[3, "A100K_2", 495, -80, "T", "DIP", "OUT", "", "C", 74.803, 74.803, 47.244, 47.244, 90],
		[4, "A100K_2", 495, -80, "B", "DIP", "OUT", "", "C", 74.803, 74.803, 47.244, 47.244, 90],
		[5, "A100K_3", 298.15, -80, "T", "DIP", "$1N684", "", "C", 74.803, 74.803, 47.244, 47.244, 90],
		[6, "A100K_3", 298.15, -80, "B", "DIP", "$1N684", "", "C", 74.803, 74.803, 47.244, 47.244, 90],
		[7, "C1_1", 760, -613.425, "T", "DIP", "IN", "", "C", 62.992, 62.992, 31.496, 31.496, 90],
		[8, "C1_1", 760, -613.425, "B", "DIP", "IN", "", "C", 62.992, 62.992, 31.496, 31.496, 90],
		[9, "C1_2", 760, -416.575, "T", "DIP", "$1N450", "", "C", 62.992, 62.992, 31.496, 31.496, 90],
		[10, "C1_2", 760, -416.575, "B", "DIP", "$1N450", "", "C", 62.992, 62.992, 31.496, 31.496, 90],
		[11, "C2_1", 90, -278.425, "T", "DIP", "$1N427", "", "C", 62.992, 62.992, 31.496, 31.496, 90],
		[12, "C2_1", 90, -278.425, "B", "DIP", "$1N427", "", "C", 62.992, 62.992, 31.496, 31.496, 90],
		[13, "C2_2", 90, -81.575, "T", "DIP", "$1N684", "", "C", 62.992, 62.992, 31.496, 31.496, 90],
		[14, "C2_2", 90, -81.575, "B", "DIP", "$1N684", "", "C", 62.992, 62.992, 31.496, 31.496, 90],
		[15, "D1_1", 182.52, -695, "T", "DIP", "$1N427", "", "C", 55.118, 55.118, 31.496, 31.496, 0],
		[16, "D1_1", 182.52, -695, "B", "DIP", "$1N427", "", "C", 55.118, 55.118, 31.496, 31.496, 0],
		[17, "D1_2", 497.48, -695, "T", "DIP", "$1N450", "", "C", 55.118, 55.118, 31.496, 31.496, 0],
		[18, "D1_2", 497.48, -695, "B", "DIP", "$1N450", "", "C", 55.118, 55.118, 31.496, 31.496, 0],
		[19, "NPN_1", 635, -495, "T", "DIP", "GND", "GND", "R", 35.433, 62.992, 29.528, 29.528, 180],
		[20, "NPN_1", 635, -495, "B", "DIP", "GND", "GND", "R", 35.433, 62.992, 29.528, 29.528, 180],
		[21, "NPN_2", 585, -495, "T", "DIP", "$1N450", "", "O", 35.433, 62.992, 29.528, 29.528, 180],
		[22, "NPN_2", 585, -495, "B", "DIP", "$1N450", "", "O", 35.433, 62.992, 29.528, 29.528, 180],
		[23, "NPN_3", 535, -495, "T", "DIP", "$1N427", "", "O", 35.433, 62.992, 29.528, 29.528, 180],
		[24, "NPN_3", 535, -495, "B", "DIP", "$1N427", "", "O", 35.433, 62.992, 29.528, 29.528, 180],
		[25, "R1_1", 90, -383.31, "T", "DIP", "$1N427", "", "C", 55.118, 55.118, 27.56, 27.56, 270],
		[26, "R1_1", 90, -383.31, "B", "DIP", "$1N427", "", "C", 55.118, 55.118, 27.56, 27.56, 270],
		[27, "R1_2", 90, -796.69, "T", "DIP", "+9V", "", "C", 55.118, 55.118, 27.56, 27.56, 270],
		[28, "R1_2", 90, -796.69, "B", "DIP", "+9V", "", "C", 55.118, 55.118, 27.56, 27.56, 270],
		[29, "PAD1_1", 88.6378, -879.5885, "T", "DIP", "+9V", "", "C", 62.9921, 62.9921, 39.3701, 39.3701, 0],
		[30, "PAD1_1", 88.6378, -879.5885, "B", "DIP", "+9V", "", "C", 62.9921, 62.9921, 39.3701, 39.3701, 0],
		[31, "PAD2_2", 167.378, -879.5885, "T", "DIP", "+9V", "", "C", 62.9921, 62.9921, 39.3701, 39.3701, 0],
		[32, "PAD2_2", 167.378, -879.5885, "B", "DIP", "+9V", "", "C", 62.9921, 62.9921, 39.3701, 39.3701, 0],
		[33, "PAD3_3", 779.8189, -879.5885, "T", "DIP", "GND", "GND", "C", 62.9921, 62.9921, 39.3701, 39.3701, 0],
		[34, "PAD3_3", 779.8189, -879.5885, "B", "DIP", "GND", "GND", "C", 62.9921, 62.9921, 39.3701, 39.3701, 0],
		[35, "PAD4_4", 701.0788, -879.5885, "T", "DIP", "GND", "GND", "C", 62.9921, 62.9921, 39.3701, 39.3701, 0],
		[36, "PAD4_4", 701.0788, -879.5885, "B", "DIP", "GND", "GND", "C", 62.9921, 62.9921, 39.3701, 39.3701, 0],
		[37, "PAD5_5", 622.3386, -879.5885, "T", "DIP", "GND", "GND", "C", 62.9921, 62.9921, 39.3701, 39.3701, 0],
		[38, "PAD5_5", 622.3386, -879.5885, "B", "DIP", "GND", "GND", "C", 62.9921, 62.9921, 39.3701, 39.3701, 0],
		[39, "PAD6_6", 543.5985, -879.5885, "T", "DIP", "GND", "GND", "C", 62.9921, 62.9921, 39.3701, 39.3701, 0],
		[40, "PAD6_6", 543.5985, -879.5885, "B", "DIP", "GND", "GND", "C", 62.9921, 62.9921, 39.3701, 39.3701, 0],
		[41, "PAD7_7", 286.1182, -879.5885, "T", "DIP", "OUT", "", "C", 62.9921, 62.9921, 39.3701, 39.3701, 0],
		[42, "PAD7_7", 286.1182, -879.5885, "B", "DIP", "OUT", "", "C", 62.9921, 62.9921, 39.3701, 39.3701, 0],
		[43, "PAD8_8", 409.8583, -879.5885, "T", "DIP", "IN", "", "C", 62.9921, 62.9921, 39.3701, 39.3701, 0],
		[44, "PAD8_8", 409.8583, -879.5885, "B", "DIP", "IN", "", "C", 62.9921, 62.9921, 39.3701, 39.3701, 0],
		[45, "PAD9_1", 691.85, -80, "T", "DIP", "GND", "GND", "C", 74.803, 74.803, 47.244, 47.244, 90],
		[46, "PAD9_1", 691.85, -80, "B", "DIP", "GND", "GND", "C", 74.803, 74.803, 47.244, 47.244, 90],
		[47, "PAD10_2", 495, -80, "T", "DIP", "OUT", "", "C", 74.803, 74.803, 47.244, 47.244, 90],
		[48, "PAD10_2", 495, -80, "B", "DIP", "OUT", "", "C", 74.803, 74.803, 47.244, 47.244, 90],
		[49, "PAD11_3", 298.15, -80, "T", "DIP", "$1N684", "", "C", 74.803, 74.803, 47.244, 47.244, 90],
		[50, "PAD11_3", 298.15, -80, "B", "DIP", "$1N684", "", "C", 74.803, 74.803, 47.244, 47.244, 90],
		[51, "PAD12_1", 760, -613.425, "T", "DIP", "IN", "", "C", 62.992, 62.992, 31.496, 31.496, 90],
		[52, "PAD12_1", 760, -613.425, "B", "DIP", "IN", "", "C", 62.992, 62.992, 31.496, 31.496, 90],
		[53, "PAD13_2", 760, -416.575, "T", "DIP", "$1N450", "", "C", 62.992, 62.992, 31.496, 31.496, 90],
		[54, "PAD13_2", 760, -416.575, "B", "DIP", "$1N450", "", "C", 62.992, 62.992, 31.496, 31.496, 90],
		[55, "PAD14_1", 90, -278.425, "T", "DIP", "$1N427", "", "C", 62.992, 62.992, 31.496, 31.496, 90],
		[56, "PAD14_1", 90, -278.425, "B", "DIP", "$1N427", "", "C", 62.992, 62.992, 31.496, 31.496, 90],
		[57, "PAD15_2", 90, -81.575, "T", "DIP", "$1N684", "", "C", 62.992, 62.992, 31.496, 31.496, 90],
		[58, "PAD15_2", 90, -81.575, "B", "DIP", "$1N684", "", "C", 62.992, 62.992, 31.496, 31.496, 90],
		[59, "PAD16_2", 497.48, -695, "T", "DIP", "$1N450", "", "C", 55.118, 55.118, 31.496, 31.496, 0],
		[60, "PAD16_2", 497.48, -695, "B", "DIP", "$1N450", "", "C", 55.118, 55.118, 31.496, 31.496, 0],
		[61, "PAD17_1", 182.52, -695, "T", "DIP", "$1N427", "", "C", 55.118, 55.118, 31.496, 31.496, 0],
		[62, "PAD17_1", 182.52, -695, "B", "DIP", "$1N427", "", "C", 55.118, 55.118, 31.496, 31.496, 0],
		[63, "PAD18_3", 535, -495, "T", "DIP", "$1N427", "", "O", 35.433, 62.992, 29.528, 29.528, 180],
		[64, "PAD18_3", 535, -495, "B", "DIP", "$1N427", "", "O", 35.433, 62.992, 29.528, 29.528, 180],
		[65, "PAD19_2", 585, -495, "T", "DIP", "$1N450", "", "O", 35.433, 62.992, 29.528, 29.528, 180],
		[66, "PAD19_2", 585, -495, "B", "DIP", "$1N450", "", "O", 35.433, 62.992, 29.528, 29.528, 180],
		[67, "PAD20_1", 635, -495, "T", "DIP", "GND", "GND", "R", 35.433, 62.992, 29.528, 29.528, 180],
		[68, "PAD20_1", 635, -495, "B", "DIP", "GND", "GND", "R", 35.433, 62.992, 29.528, 29.528, 180],
		[69, "PAD21_1", 90, -383.31, "T", "DIP", "$1N427", "", "C", 55.118, 55.118, 27.56, 27.56, 270],
		[70, "PAD21_1", 90, -383.31, "B", "DIP", "$1N427", "", "C", 55.118, 55.118, 27.56, 27.56, 270],
		[71, "PAD22_2", 90, -796.69, "T", "DIP", "+9V", "", "C", 55.118, 55.118, 27.56, 27.56, 270],
		[72, "PAD22_2", 90, -796.69, "B", "DIP", "+9V", "", "C", 55.118, 55.118, 27.56, 27.56, 270]
	]
}
}