{
"lengthUnit": "mil",
"remark": [],
"components": {
	"fields": ["COMPONENT_NO", "COMPONENT_NAME", "LAYER", "X_COORDINATE", "Y_COORDINATE", "ANGLE"],
	"rows": [
		[1, "1M", "T", 325, -790, 180],
		[2, "1uF", "T", 470, -115, 0],
		[3, "47uF", "T", 105, -515, 0],
		[4, "100K", "T", 325, -670, 0],
		[5, "100K", "T", 325, -905, 180],
		[6, "100K", "T", 625, -700, 90],
		[7, "100n", "T", 90, -255, 270],
		[8, "560R", "T", 705, -286.62, 270],
		[9, "TL072", "T", 390, -385, 180],
		[10, "PAD1", "T", 735, -645, 0],
		[11, "PAD1", "B", 735, -645, 0],
		[12, "PAD2", "T", 735, -570, 0],
		[13, "PAD2", "B", 735, -570, 0],
		[14, "PAD3", "T", 735, -780, 0],
		[15, "PAD3", "B", 735, -780, 0],
		[16, "PAD4", "T", 735, -855, 0],
		[17, "PAD4", "B", 735, -855, 0],
		[18, "PAD5", "T", 735, -930, 0],
		[19, "PAD5", "B", 735, -930, 0],
		[20, "PAD6", "T", 90, -55, 0],
		[21, "PAD6", "B", 90, -55, 0],
		[22, "PAD7", "T", 225, -55, 0],
		[23, "PAD7", "B", 225, -55, 0],
		[24, "PAD8", "T", 75.47, -515, 0],
		[25, "PAD8", "B", 75.47, -515, 0],
		[26, "PAD9", "T", 134.53, -515, 0],
		[27, "PAD9", "B", 134.53, -515, 0],
		[28, "PAD10", "T", 440.47, -115, 0],
		[29, "PAD10", "B", 440.47, -115, 0],
		[30, "PAD11", "T", 499.53, -115, 0],
		[31, "PAD11", "B", 499.53, -115, 0],
		[32, "PAD12", "T", 90, -156.575, 0],
		[33, "PAD12", "B", 90, -156.575, 0],
		[34, "PAD13", "T", 90, -353.425, 0],
		[35, "PAD13", "B", 90, -353.425, 0],
		[36, "PAD14", "T", 118.31, -670, 0],
		[37, "PAD14", "B", 118.31, -670, 0],
		[38, "PAD15", "T", 531.69, -670, 0],
		[39, "PAD15", "B", 531.69, -670, 0],
		[40, "PAD16", "T", 531.69, -905, 0],
		[41, "PAD16", "B", 531.69, -905, 0],
		[42, "PAD17", "T", 118.31, -905, 0],
		[43, "PAD17", "B", 118.31, -905, 0],
		[44, "PAD18", "T", 625, -906.69, 0],
		[45, "PAD18", "B", 625, -906.69, 0],
		[46, "PAD19", "T", 625, -493.31, 0],
		[47, "PAD19", "B", 625, -493.31, 0],
		[48, "PAD20", "T", 705, -79.93, 0],
		[49, "PAD20", "B", 705, -79.93, 0],
		[50, "PAD21", "T", 705, -493.31, 0],
		[51, "PAD21", "B", 705, -493.31, 0],
		[52, "PAD22", "T", 531.69, -790, 0],
		[53, "PAD22", "B", 531.69, -790, 0],
		[54, "PAD23", "T", 118.31, -790, 0],
		[55, "PAD23", "B", 118.31, -790, 0],
		[56, "PAD24", "T", 540, -235, 0],
		[57, "PAD24", "B", 540, -235, 0],
		[58, "PAD25", "T", 440, -235, 0],
		[59, "PAD25", "B", 440, -235, 0],
		[60, "PAD26", "T", 340, -235, 0],
		[61, "PAD26", "B", 340, -235, 0],
		[62, "PAD27", "T", 240, -235, 0],
		[63, "PAD27", "B", 240, -235, 0],
		[64, "PAD28", "T", 540, -535, 0],
		[65, "PAD28", "B", 540, -535, 0]
	]
},
"pins": {
	"fields": ["PIN_NO", "PIN_NAME", "PIN_X", "PIN_Y", "LAYER", "PIN_TYPE", "NET_NAME", "NET_TYPE", "PAD_SHAPE", "PAD_SIZEX", "PAD_SIZEY", "HOLE_SIZE", "HOLE_LEN", "PAD_ANGLE"],
	"rows": [
		[1, "1M_1", 531.69, -790, "T", "DIP", "$1N1101", "", "C", 55.118, 55.118, 27.56, 27.56, 180],
		[2, "1M_1", 531.69, -790, "B", "DIP", "$1N1101", "", "C", 55.118, 55.118, 27.56, 27.56, 180],
		[3, "1M_2", 118.31, -790, "T", "DIP", "$1N1104", "", "C", 55.118, 55.118, 27.56, 27.56, 180],
		[4, "1M_2", 118.31, -790, "B", "DIP", "$1N1104", "", "C", 55.118, 55.118, 27.56, 27.56, 180],
		[5, "1uF_1", 440.47, -115, "T", "DIP", "$1N953", "", "C", 47.244, 47.244, 31.496, 31.496, 90],
		[6, "1uF_1", 440.47, -115, "B", "DIP", "$1N953", "", "C", 47.244, 47.244, 31.496, 31.496, 90],
		[7, "1uF_2", 499.53, -115, "T", "DIP", "$1N1086", "", "C", 47.244, 47.244, 31.496, 31.496, 90],
		[8, "1uF_2", 499.53, -115, "B", "DIP", "$1N1086", "", "C", 47.244, 47.244, 31.496, 31.496, 90],
		[9, "47uF_1", 75.47, -515, "T", "DIP", "$1N1104", "", "C", 47.244, 47.244, 31.496, 31.496, 90],
		[10, "47uF_1", 75.47, -515, "B", "DIP", "$1N1104", "", "C", 47.244, 47.244, 31.496, 31.496, 90],
		[11, "47uF_2", 134.53, -515, "T", "DIP", "GND", "GND", "C", 47.244, 47.244, 31.496, 31.496, 90],
		[12, "47uF_2", 134.53, -515, "B", "DIP", "GND", "GND", "C", 47.244, 47.244, 31.496, 31.496, 90],
		[13, "100K_1", 118.31, -670, "T", "DIP", "$1N1104", "", "C", 55.118, 55.118, 27.56, 27.56, 0],
		[14, "100K_1", 118.31, -670, "B", "DIP", "$1N1104", "", "C", 55.118, 55.118, 27.56, 27.56, 0],
		[15, "100K_2", 531.69, -670, "T", "DIP", "+9V", "", "C", 55.118, 55.118, 27.56, 27.56, 0],
		[16, "100K_2", 531.69, -670, "B", "DIP", "+9V", "", "C", 55.118, 55.118, 27.56, 27.56, 0],
		[17, "100K_1", 531.69, -905, "T", "DIP", "GND", "GND", "C", 55.118, 55.118, 27.56, 27.56, 180],
		[18, "100K_1", 531.69, -905, "B", "DIP", "GND", "GND", "C", 55.118, 55.118, 27.56, 27.56, 180],
		[19, "100K_2", 118.31, -905, "T", "DIP", "$1N1104", "", "C", 55.118, 55.118, 27.56, 27.56, 180],
		[20, "100K_2", 118.31, -905, "B", "DIP", "$1N1104", "", "C", 55.118, 55.118, 27.56, 27.56, 180],
		[21, "100K_1", 625, -906.69, "T", "DIP", "GND", "GND", "C", 55.118, 55.118, 27.56, 27.56, 90],
		[22, "100K_1", 625, -906.69, "B", "DIP", "GND", "GND", "C", 55.118, 55.118, 27.56, 27.56, 90],
		[23, "100K_2", 625, -493.31, "T", "DIP", "$1N1086", "", "C", 55.118, 55.118, 27.56, 27.56, 90],
		[24, "100K_2", 625, -493.31, "B", "DIP", "$1N1086", "", "C", 55.118, 55.118, 27.56, 27.56, 90],
		[25, "100n_1", 90, -156.575, "T", "DIP", "IN", "", "C", 62.992, 62.992, 31.496, 31.496, 270],
		[26, "100n_1", 90, -156.575, "B", "DIP", "IN", "", "C", 62.992, 62.992, 31.496, 31.496, 270],
		[27, "100n_2", 90, -353.425, "T", "DIP", "$1N1101", "", "C", 62.992, 62.992, 31.496, 31.496, 270],
		[28, "100n_2", 90, -353.425, "B", "DIP", "$1N1101", "", "C", 62.992, 62.992, 31.496, 31.496, 270],
		[29, "560R_1", 705, -79.93, "T", "DIP", "NET2", "", "C", 55.118, 55.118, 27.56, 27.56, 270],
		[30, "560R_1", 705, -79.93, "B", "DIP", "NET2", "", "C", 55.118, 55.118, 27.56, 27.56, 270],
		[31, "560R_2", 705, -493.31, "T", "DIP", "$1N1086", "", "C", 55.118, 55.118, 27.56, 27.56, 270],
		[32, "560R_2", 705, -493.31, "B", "DIP", "$1N1086", "", "C", 55.118, 55.118, 27.56, 27.56, 270],
		[33, "TL072_1", 540, -235, "T", "DIP", "$1N953", "", "R", 59.055, 59.055, 35.434, 35.434, 180],
		[34, "TL072_1", 540, -235, "B", "DIP", "$1N953", "", "R", 59.055, 59.055, 35.434, 35.434, 180],
		[35, "TL072_2", 440, -235, "T", "DIP", "$1N953", "", "C", 59.055, 59.055, 35.434, 35.434, 180],
		[36, "TL072_2", 440, -235, "B", "DIP", "$1N953", "", "C", 59.055, 59.055, 35.434, 35.434, 180],
		[37, "TL072_3", 340, -235, "T", "DIP", "$1N1101", "", "C", 59.055, 59.055, 35.434, 35.434, 180],
		[38, "TL072_3", 340, -235, "B", "DIP", "$1N1101", "", "C", 59.055, 59.055, 35.434, 35.434, 180],
		[39, "TL072_4", 240, -235, "T", "DIP", "GND", "GND", "C", 59.055, 59.055, 35.434, 35.434, 180],
		[40, "TL072_4", 240, -235, "B", "DIP", "GND", "GND", "C", 59.055, 59.055, 35.434, 35.434, 180],
		[41, "TL072_5", 240, -535, "T", "DIP", "NET_1", "", "C", 59.055, 59.055, 35.434, 35.434, 180],
		[42, "TL072_5", 240, -535, "B", "DIP", "NET_1", "", "C", 59.055, 59.055, 35.434, 35.434, 180],
		[43, "TL072_6", 340, -535, "T", "DIP", "NET_2", "", "C", 59.055, 59.055, 35.434, 35.434, 180],
		[44, "TL072_6", 340, -535, "B", "DIP", "NET_2", "", "C", 59.055, 59.055, 35.434, 35.434, 180],
		[45, "TL072_7", 440, -535, "T", "DIP", "NET_3", "", "C", 59.055, 59.055, 35.434, 35.434, 180],
		[46, "TL072_7", 440, -535, "B", "DIP", "NET_3", "", "C", 59.055, 59.055, 35.434, 35.434, 180],
		[47, "TL072_8", 540, -535, "T", "DIP", "+9V", "", "C", 59.055, 59.055, 35.434, 35.434, 180],
		[48, "TL072_8", 540, -535, "B", "DIP", "+9V", "", "C", 59.055, 59.055, 35.434, 35.434, 180],
		[49, "PAD1_1", 735, -645, "T", "DIP", "+9V", "", "C", 60, 60, 36, 36, 0],
		[50, "PAD1_1", 735, -645, "B", "DIP", "+9V", "", "C", 60, 60, 36, 36, 0],
		[51, "PAD2_2", 735, -570, "T", "DIP", "+9V", "", "C", 60, 60, 36, 36, 0],
		[52, "PAD2_2", 735, -570, "B", "DIP", "+9V", "", "C", 60, 60, 36, 36, 0],
		[53, "PAD3_3", 735, -780, "T", "DIP", "GND", "GND", "C", 60, 60, 36, 36, 0],
		[54, "PAD3_3", 735, -780, "B", "DIP", "GND", "GND", "C", 60, 60, 36, 36, 0],
		[55, "PAD4_4", 735, -855, "T", "DIP", "GND", "GND", "C", 60, 60, 36, 36, 0],
		[56, "PAD4_4", 735, -855, "B", "DIP", "GND", "GND", "C", 60, 60, 36, 36, 0],
		[57, "PAD5_5", 735, -930, "T", "DIP", "GND", "GND", "C", 60, 60, 36, 36, 0],
		[58, "PAD5_5", 735, -930, "B", "DIP", "GND", "GND", "C", 60, 60, 36, 36, 0],
		[59, "PAD6_6", 90, -55, "T", "DIP", "IN", "", "C", 60, 60, 36, 36, 0],
		[60, "PAD6_6", 90, -55, "B", "DIP", "IN", "", "C", 60, 60, 36, 36, 0],
		[61, "PAD7_7", 225, -55, "T", "DIP", "NET2", "", "C", 60, 60, 36, 36, 0],
		[62, "PAD7_7", 225, -55, "B", "DIP", "NET2", "", "C", 60, 60, 36, 36, 0],
		[63, "PAD8_1", 75.47, -515, "T", "DIP", "$1N1104", "", "C", 47.244, 47.244, 31.496, 31.496, 90],
		[64, "PAD8_1", 75.47, -515, "B", "DIP", "$1N1104", "", "C", 47.244, 47.244, 31.496, 31.496, 90],
		[65, "PAD9_2", 134.53, -515, "T", "DIP", "GND", "GND", "C", 47.244, 47.244, 31.496, 31.496, 90],
		[66, "PAD9_2", 134.53, -515, "B", "DIP", "GND", "GND", "C", 47.244, 47.244, 31.496, 31.496, 90],
		[67, "PAD10_1", 440.47, -115, "T", "DIP", "$1N953", "", "C", 47.244, 47.244, 31.496, 31.496, 90],
		[68, "PAD10_1", 440.47, -115, "B", "DIP", "$1N953", "", "C", 47.244, 47.244, 31.496, 31.496, 90],
		[69, "PAD11_2", 499.53, -115, "T", "DIP", "$1N1086", "", "C", 47.244, 47.244, 31.496, 31.496, 90],
		[70, "PAD11_2", 499.53, -115, "B", "DIP", "$1N1086", "", "C", 47.244, 47.244, 31.496, 31.496, 90],
		[71, "PAD12_1", 90, -156.575, "T", "DIP", "IN", "", "C", 62.992, 62.992, 31.496, 31.496, 270],
		[72, "PAD12_1", 90, -156.575, "B", "DIP", "IN", "", "C", 62.992, 62.992, 31.496, 31.496, 270],
		[73, "PAD13_2", 90, -353.425, "T", "DIP", "$1N1101", "", "C", 62.992, 62.992, 31.496, 31.496, 270],
		[74, "PAD13_2", 90, -353.425, "B", "DIP", "$1N1101", "", "C", 62.992, 62.992, 31.496, 31.496, 270],
		[75, "PAD14_1", 118.31, -670, "T", "DIP", "$1N1104", "", "C", 55.118, 55.118, 27.56, 27.56, 0],
		[76, "PAD14_1", 118.31, -670, "B", "DIP", "$1N1104", "", "C", 55.118, 55.118, 27.56, 27.56, 0],
		[77, "PAD15_2", 531.69, -670, "T", "DIP", "+9V", "", "C", 55.118, 55.118, 27.56, 27.56, 0],
		[78, "PAD15_2", 531.69, -670, "B", "DIP", "+9V", "", "C", 55.118, 55.118, 27.56, 27.56, 0],
		[79, "PAD16_1", 531.69, -905, "T", "DIP", "GND", "GND", "C", 55.118, 55.118, 27.56, 27.56, 180],
		[80, "PAD16_1", 531.69, -905, "B", "DIP", "GND", "GND", "C", 55.118, 55.118, 27.56, 27.56, 180],
		[81, "PAD17_2", 118.31, -905, "T", "DIP", "$1N1104", "", "C", 55.118, 55.118, 27.56, 27.56, 180],
		[82, "PAD17_2", 118.31, -905, "B", "DIP", "$1N1104", "", "C", 55.118, 55.118, 27.56, 27.56, 180],
		[83, "PAD18_1", 625, -906.69, "T", "DIP", "GND", "GND", "C", 55.118, 55.118, 27.56, 27.56, 90],
		[84, "PAD18_1", 625, -906.69, "B", "DIP", "GND", "GND", "C", 55.118, 55.118, 27.56, 27.56, 90],
		[85, "PAD19_2", 625, -493.31, "T", "DIP", "$1N1086", "", "C", 55.118, 55.118, 27.56, 27.56, 90],
		[86, "PAD19_2", 625, -493.31, "B", "DIP", "$1N1086", "", "C", 55.118, 55.118, 27.56, 27.56, 90],
		[87, "PAD20_1", 705, -79.93, "T", "DIP", "NET2", "", "C", 55.118, 55.118, 27.56, 27.56, 270],
		[88, "PAD20_1", 705, -79.93, "B", "DIP", "NET2", "", "C", 55.118, 55.118, 27.56, 27.56, 270],
		[89, "PAD21_2", 705, -493.31, "T", "DIP", "$1N1086", "", "C", 55.118, 55.118, 27.56, 27.56, 270],
		[90, "PAD21_2", 705, -493.31, "B", "DIP", "$1N1086", "", "C", 55.118, 55.118, 27.56, 27.56, 270],
		[91, "PAD22_1", 531.69, -790, "T", "DIP", "$1N1101", "", "C", 55.118, 55.118, 27.56, 27.56, 180],
		[92, "PAD22_1", 531.69, -790, "B", "DIP", "$1N1101", "", "C", 55.118, 55.118, 27.56, 27.56, 180],
		[93, "PAD23_2", 118.31, -790, "T", "DIP", "$1N1104", "", "C", 55.118, 55.118, 27.56, 27.56, 180],
		[94, "PAD23_2", 118.31, -790, "B", "DIP", "$1N1104", "", "C", 55.118, 55.118, 27.56, 27.56, 180],
		[95, "PAD24_1", 540, -235, "T", "DIP", "$1N953", "", "R", 59.055, 59.055, 35.434, 35.434, 180],
		[96, "PAD24_1", 540, -235, "B", "DIP", "$1N953", "", "R", 59.055, 59.055, 35.434, 35.434, 180],
		[97, "PAD25_2", 440, -235, "T", "DIP", "$1N953", "", "C", 59.055, 59.055, 35.434, 35.434, 180],
		[98, "PAD25_2", 440, -235, "B", "DIP", "$1N953", "", "C", 59.055, 59.055, 35.434, 35.434, 180],
		[99, "PAD26_3", 340, -235, "T", "DIP", "$1N1101", "", "C", 59.055, 59.055, 35.434, 35.434, 180],
		[100, "PAD26_3", 340, -235, "B", "DIP", "$1N1101", "", "C", 59.055, 59.055, 35.434, 35.434, 180],
		[101, "PAD27_4", 240, -235, "T", "DIP", "GND", "GND", "C", 59.055, 59.055, 35.434, 35.434, 180],
		[102, "PAD27_4", 240, -235, "B", "DIP", "GND", "GND", "C", 59.055, 59.055, 35.434, 35.434, 180],
		[103, "PAD28_8", 540, -535, "T", "DIP", "+9V", "", "C", 59.055, 59.055, 35.434, 35.434, 180],
		[104, "PAD28_8", 540, -535, "B", "DIP", "+9V", "", "C", 59.055, 59.055, 35.434, 35.434, 180]
	]
}
}