{
"lengthUnit": "mil",
"remark": [],
"components": {
	"fields": ["COMPONENT_NO", "COMPONENT_NAME", "LAYER", "X_COORDINATE", "Y_COORDINATE", "ANGLE"],
	"rows": [
		[1, "1M", "T", 310, -600, 180],
		[2, "1M", "T", 775, -825, 180],
		[3, "2N5088", "T", 770, -495, 180],
		[4, "10K", "T", 310, -465, 180],
		[5, "100K", "T", 775, -695, 180],
		[6, "100n", "T", 310, -740, 180],
		[7, "100nF", "T", 115, -210, 90],
		[8, "390R", "T", 985, -260, 270],
		[9, "A100K", "T", 547.5291, -100, 90],
		[10, "PAD1", "T", 302.5291, -930, 0],
		[11, "PAD1", "B", 302.5291, -930, 0],
		[12, "PAD2", "T", 568.31, -930, 0],
		[13, "PAD2", "B", 568.31, -930, 0],
		[14, "PAD3", "T", 1051.8001, -932.4803, 0],
		[15, "PAD3", "B", 1051.8001, -932.4803, 0],
		[16, "PAD4", "T", 1051.8001, -853.7402, 0],
		[17, "PAD4", "B", 1051.8001, -853.7402, 0],
		[18, "PAD5", "T", 1051.8001, -775, 0],
		[19, "PAD5", "B", 1051.8001, -775, 0],
		[20, "PAD6", "T", 1051.8001, -696.2598, 0],
		[21, "PAD6", "B", 1051.8001, -696.2598, 0],
		[22, "PAD7", "T", 1051.8001, -617.5197, 0],
		[23, "PAD7", "B", 1051.8001, -617.5197, 0],
		[24, "PAD8", "T", 54.3592, -838.7402, 0],
		[25, "PAD8", "B", 54.3592, -838.7402, 0],
		[26, "PAD9", "T", 54.3592, -760, 0],
		[27, "PAD9", "B", 54.3592, -760, 0],
		[28, "PAD10", "T", 54.3592, -681.2598, 0],
		[29, "PAD10", "B", 54.3592, -681.2598, 0],
		[30, "PAD11", "T", 516.69, -600, 0],
		[31, "PAD11", "B", 516.69, -600, 0],
		[32, "PAD12", "T", 103.31, -600, 0],
		[33, "PAD12", "B", 103.31, -600, 0],
		[34, "PAD13", "T", 981.69, -825, 0],
		[35, "PAD13", "B", 981.69, -825, 0],
		[36, "PAD14", "T", 568.31, -825, 0],
		[37, "PAD14", "B", 568.31, -825, 0],
		[38, "PAD15", "T", 720, -495, 0],
		[39, "PAD15", "B", 720, -495, 0],
		[40, "PAD16", "T", 770, -495, 0],
		[41, "PAD16", "B", 770, -495, 0],
		[42, "PAD17", "T", 820, -495, 0],
		[43, "PAD17", "B", 820, -495, 0],
		[44, "PAD18", "T", 516.69, -465, 0],
		[45, "PAD18", "B", 516.69, -465, 0],
		[46, "PAD19", "T", 103.31, -465, 0],
		[47, "PAD19", "B", 103.31, -465, 0],
		[48, "PAD20", "T", 981.69, -695, 0],
		[49, "PAD20", "B", 981.69, -695, 0],
		[50, "PAD21", "T", 568.31, -695, 0],
		[51, "PAD21", "B", 568.31, -695, 0],
		[52, "PAD22", "T", 985, -53.31, 0],
		[53, "PAD22", "B", 985, -53.31, 0],
		[54, "PAD23", "T", 985, -466.69, 0],
		[55, "PAD23", "B", 985, -466.69, 0],
		[56, "PAD24", "T", 744.3791, -100, 0],
		[57, "PAD24", "B", 744.3791, -100, 0],
		[58, "PAD25", "T", 547.5291, -100, 0],
		[59, "PAD25", "B", 547.5291, -100, 0],
		[60, "PAD26", "T", 350.6791, -100, 0],
		[61, "PAD26", "B", 350.6791, -100, 0],
		[62, "PAD27", "T", 408.425, -740, 0],
		[63, "PAD27", "B", 408.425, -740, 0],
		[64, "PAD28", "T", 211.575, -740, 0],
		[65, "PAD28", "B", 211.575, -740, 0],
		[66, "PAD29", "T", 115, -308.425, 0],
		[67, "PAD29", "B", 115, -308.425, 0],
		[68, "PAD30", "T", 115, -111.575, 0],
		[69, "PAD30", "B", 115, -111.575, 0]
	]
},
"pins": {
	"fields": ["PIN_NO", "PIN_NAME", "PIN_X", "PIN_Y", "LAYER", "PIN_TYPE", "NET_NAME", "NET_TYPE", "PAD_SHAPE", "PAD_SIZEX", "PAD_SIZEY", "HOLE_SIZE", "HOLE_LEN", "PAD_ANGLE"],
	"rows": [
		[1, "1M_1", 516.69, -600, "T", "DIP", "$1N540", "", "C", 55.118, 55.118, 27.56, 27.56, 180],
		[2, "1M_1", 516.69, -600, "B", "DIP", "$1N540", "", "C", 55.118, 55.118, 27.56, 27.56, 180],
		[3, "1M_2", 103.31, -600, "T", "DIP", "+9V", "", "C", 55.118, 55.118, 27.56, 27.56, 180],
		[4, "1M_2", 103.31, -600, "B", "DIP", "+9V", "", "C", 55.118, 55.118, 27.56, 27.56, 180],
		[5, "1M_1", 981.69, -825, "T", "DIP", "GND", "GND", "C", 55.118, 55.118, 27.56, 27.56, 180],
		[6, "1M_1", 981.69, -825, "B", "DIP", "GND", "GND", "C", 55.118, 55.118, 27.56, 27.56, 180],
		[7, "1M_2", 568.31, -825, "T", "DIP", "IN", "", "C", 55.118, 55.118, 27.56, 27.56, 180],
		[8, "1M_2", 568.31, -825, "B", "DIP", "IN", "", "C", 55.118, 55.118, 27.56, 27.56, 180],
		[9, "2N5088_1", 820, -495, "T", "DIP", "$1N584", "", "R", 35.433, 62.992, 29.528, 29.528, 180],
		[10, "2N5088_1", 820, -495, "B", "DIP", "$1N584", "", "R", 35.433, 62.992, 29.528, 29.528, 180],
		[11, "2N5088_2", 770, -495, "T", "DIP", "$1N540", "", "O", 35.433, 62.992, 29.528, 29.528, 180],
		[12, "2N5088_2", 770, -495, "B", "DIP", "$1N540", "", "O", 35.433, 62.992, 29.528, 29.528, 180],
		[13, "2N5088_3", 720, -495, "T", "DIP", "$1N568", "", "O", 35.433, 62.992, 29.528, 29.528, 180],
		[14, "2N5088_3", 720, -495, "B", "DIP", "$1N568", "", "O", 35.433, 62.992, 29.528, 29.528, 180],
		[15, "10K_1", 516.69, -465, "T", "DIP", "$1N568", "", "C", 55.118, 55.118, 27.56, 27.56, 180],
		[16, "10K_1", 516.69, -465, "B", "DIP", "$1N568", "", "C", 55.118, 55.118, 27.56, 27.56, 180],
		[17, "10K_2", 103.31, -465, "T", "DIP", "+9V", "", "C", 55.118, 55.118, 27.56, 27.56, 180],
		[18, "10K_2", 103.31, -465, "B", "DIP", "+9V", "", "C", 55.118, 55.118, 27.56, 27.56, 180],
		[19, "100K_1", 981.69, -695, "T", "DIP", "GND", "GND", "C", 55.118, 55.118, 27.56, 27.56, 180],
		[20, "100K_1", 981.69, -695, "B", "DIP", "GND", "GND", "C", 55.118, 55.118, 27.56, 27.56, 180],
		[21, "100K_2", 568.31, -695, "T", "DIP", "$1N540", "", "C", 55.118, 55.118, 27.56, 27.56, 180],
		[22, "100K_2", 568.31, -695, "B", "DIP", "$1N540", "", "C", 55.118, 55.118, 27.56, 27.56, 180],
		[23, "100n_1", 408.425, -740, "T", "DIP", "IN", "", "C", 62.992, 62.992, 31.496, 31.496, 180],
		[24, "100n_1", 408.425, -740, "B", "DIP", "IN", "", "C", 62.992, 62.992, 31.496, 31.496, 180],
		[25, "100n_2", 211.575, -740, "T", "DIP", "$1N540", "", "C", 62.992, 62.992, 31.496, 31.496, 180],
		[26, "100n_2", 211.575, -740, "B", "DIP", "$1N540", "", "C", 62.992, 62.992, 31.496, 31.496, 180],
		[27, "100nF_1", 115, -308.425, "T", "DIP", "$1N568", "", "C", 62.992, 62.992, 31.496, 31.496, 90],
		[28, "100nF_1", 115, -308.425, "B", "DIP", "$1N568", "", "C", 62.992, 62.992, 31.496, 31.496, 90],
		[29, "100nF_2", 115, -111.575, "T", "DIP", "$1N626", "", "C", 62.992, 62.992, 31.496, 31.496, 90],
		[30, "100nF_2", 115, -111.575, "B", "DIP", "$1N626", "", "C", 62.992, 62.992, 31.496, 31.496, 90],
		[31, "390R_1", 985, -53.31, "T", "DIP", "GND", "GND", "C", 55.118, 55.118, 27.56, 27.56, 270],
		[32, "390R_1", 985, -53.31, "B", "DIP", "GND", "GND", "C", 55.118, 55.118, 27.56, 27.56, 270],
		[33, "390R_2", 985, -466.69, "T", "DIP", "$1N584", "", "C", 55.118, 55.118, 27.56, 27.56, 270],
		[34, "390R_2", 985, -466.69, "B", "DIP", "$1N584", "", "C", 55.118, 55.118, 27.56, 27.56, 270],
		[35, "A100K_1", 744.3791, -100, "T", "DIP", "GND", "GND", "C", 74.803, 74.803, 47.244, 47.244, 90],
		[36, "A100K_1", 744.3791, -100, "B", "DIP", "GND", "GND", "C", 74.803, 74.803, 47.244, 47.244, 90],
		[37, "A100K_2", 547.5291, -100, "T", "DIP", "OUT", "", "C", 74.803, 74.803, 47.244, 47.244, 90],
		[38, "A100K_2", 547.5291, -100, "B", "DIP", "OUT", "", "C", 74.803, 74.803, 47.244, 47.244, 90],
		[39, "A100K_3", 350.6791, -100, "T", "DIP", "$1N626", "", "C", 74.803, 74.803, 47.244, 47.244, 90],
		[40, "A100K_3", 350.6791, -100, "B", "DIP", "$1N626", "", "C", 74.803, 74.803, 47.244, 47.244, 90],
		[41, "PAD1_1", 302.5291, -930, "T", "DIP", "OUT", "", "C", 62.9921, 62.9921, 37.4016, 37.4016, 0],
		[42, "PAD1_1", 302.5291, -930, "B", "DIP", "OUT", "", "C", 62.9921, 62.9921, 37.4016, 37.4016, 0],
		[43, "PAD2_2", 568.31, -930, "T", "DIP", "IN", "", "C", 62.9921, 62.9921, 37.4016, 37.4016, 0],
		[44, "PAD2_2", 568.31, -930, "B", "DIP", "IN", "", "C", 62.9921, 62.9921, 37.4016, 37.4016, 0],
		[45, "PAD3_1", 1051.8001, -932.4803, "T", "DIP", "GND", "GND", "C", 62.9921, 62.9921, 37.4016, 37.4016, 180],
		[46, "PAD3_1", 1051.8001, -932.4803, "B", "DIP", "GND", "GND", "C", 62.9921, 62.9921, 37.4016, 37.4016, 180],
		[47, "PAD4_2", 1051.8001, -853.7402, "T", "DIP", "GND", "GND", "C", 62.9921, 62.9921, 37.4016, 37.4016, 180],
		[48, "PAD4_2", 1051.8001, -853.7402, "B", "DIP", "GND", "GND", "C", 62.9921, 62.9921, 37.4016, 37.4016, 180],
		[49, "PAD5_3", 1051.8001, -775, "T", "DIP", "GND", "GND", "C", 62.9921, 62.9921, 37.4016, 37.4016, 90],
		[50, "PAD5_3", 1051.8001, -775, "B", "DIP", "GND", "GND", "C", 62.9921, 62.9921, 37.4016, 37.4016, 90],
		[51, "PAD6_4", 1051.8001, -696.2598, "T", "DIP", "GND", "GND", "C", 62.9921, 62.9921, 37.4016, 37.4016, 90],
		[52, "PAD6_4", 1051.8001, -696.2598, "B", "DIP", "GND", "GND", "C", 62.9921, 62.9921, 37.4016, 37.4016, 90],
		[53, "PAD7_5", 1051.8001, -617.5197, "T", "DIP", "GND", "GND", "C", 62.9921, 62.9921, 37.4016, 37.4016, 270],
		[54, "PAD7_5", 1051.8001, -617.5197, "B", "DIP", "GND", "GND", "C", 62.9921, 62.9921, 37.4016, 37.4016, 270],
		[55, "PAD8_6", 54.3592, -838.7402, "T", "DIP", "+9V", "", "C", 62.9921, 62.9921, 37.4016, 37.4016, 90],
		[56, "PAD8_6", 54.3592, -838.7402, "B", "DIP", "+9V", "", "C", 62.9921, 62.9921, 37.4016, 37.4016, 90],
		[57, "PAD9_7", 54.3592, -760, "T", "DIP", "+9V", "", "C", 62.9921, 62.9921, 37.4016, 37.4016, 90],
		[58, "PAD9_7", 54.3592, -760, "B", "DIP", "+9V", "", "C", 62.9921, 62.9921, 37.4016, 37.4016, 90],
		[59, "PAD10_8", 54.3592, -681.2598, "T", "DIP", "+9V", "", "C", 62.9921, 62.9921, 37.4016, 37.4016, 90],
		[60, "PAD10_8", 54.3592, -681.2598, "B", "DIP", "+9V", "", "C", 62.9921, 62.9921, 37.4016, 37.4016, 90],
		[61, "PAD11_1", 516.69, -600, "T", "DIP", "$1N540", "", "C", 55.118, 55.118, 27.56, 27.56, 180],
		[62, "PAD11_1", 516.69, -600, "B", "DIP", "$1N540", "", "C", 55.118, 55.118, 27.56, 27.56, 180],
		[63, "PAD12_2", 103.31, -600, "T", "DIP", "+9V", "", "C", 55.118, 55.118, 27.56, 27.56, 180],
		[64, "PAD12_2", 103.31, -600, "B", "DIP", "+9V", "", "C", 55.118, 55.118, 27.56, 27.56, 180],
		[65, "PAD13_1", 981.69, -825, "T", "DIP", "GND", "GND", "C", 55.118, 55.118, 27.56, 27.56, 180],
		[66, "PAD13_1", 981.69, -825, "B", "DIP", "GND", "GND", "C", 55.118, 55.118, 27.56, 27.56, 180],
		[67, "PAD14_2", 568.31, -825, "T", "DIP", "IN", "", "C", 55.118, 55.118, 27.56, 27.56, 180],
		[68, "PAD14_2", 568.31, -825, "B", "DIP", "IN", "", "C", 55.118, 55.118, 27.56, 27.56, 180],
		[69, "PAD15_3", 720, -495, "T", "DIP", "$1N568", "", "O", 35.433, 62.992, 29.528, 29.528, 180],
		[70, "PAD15_3", 720, -495, "B", "DIP", "$1N568", "", "O", 35.433, 62.992, 29.528, 29.528, 180],
		[71, "PAD16_2", 770, -495, "T", "DIP", "$1N540", "", "O", 35.433, 62.992, 29.528, 29.528, 180],
		[72, "PAD16_2", 770, -495, "B", "DIP", "$1N540", "", "O", 35.433, 62.992, 29.528, 29.528, 180],
		[73, "PAD17_1", 820, -495, "T", "DIP", "$1N584", "", "R", 35.433, 62.992, 29.528, 29.528, 180],
		[74, "PAD17_1", 820, -495, "B", "DIP", "$1N584", "", "R", 35.433, 62.992, 29.528, 29.528, 180],
		[75, "PAD18_1", 516.69, -465, "T", "DIP", "$1N568", "", "C", 55.118, 55.118, 27.56, 27.56, 180],
		[76, "PAD18_1", 516.69, -465, "B", "DIP", "$1N568", "", "C", 55.118, 55.118, 27.56, 27.56, 180],
		[77, "PAD19_2", 103.31, -465, "T", "DIP", "+9V", "", "C", 55.118, 55.118, 27.56, 27.56, 180],
		[78, "PAD19_2", 103.31, -465, "B", "DIP", "+9V", "", "C", 55.118, 55.118, 27.56, 27.56, 180],
		[79, "PAD20_1", 981.69, -695, "T", "DIP", "GND", "GND", "C", 55.118, 55.118, 27.56, 27.56, 180],
		[80, "PAD20_1", 981.69, -695, "B", "DIP", "GND", "GND", "C", 55.118, 55.118, 27.56, 27.56, 180],
		[81, "PAD21_2", 568.31, -695, "T", "DIP", "$1N540", "", "C", 55.118, 55.118, 27.56, 27.56, 180],
		[82, "PAD21_2", 568.31, -695, "B", "DIP", "$1N540", "", "C", 55.118, 55.118, 27.56, 27.56, 180],
		[83, "PAD22_1", 985, -53.31, "T", "DIP", "GND", "GND", "C", 55.118, 55.118, 27.56, 27.56, 270],
		[84, "PAD22_1", 985, -53.31, "B", "DIP", "GND", "GND", "C", 55.118, 55.118, 27.56, 27.56, 270],
		[85, "PAD23_2", 985, -466.69, "T", "DIP", "$1N584", "", "C", 55.118, 55.118, 27.56, 27.56, 270],
		[86, "PAD23_2", 985, -466.69, "B", "DIP", "$1N584", "", "C", 55.118, 55.118, 27.56, 27.56, 270],
		[87, "PAD24_1", 744.3791, -100, "T", "DIP", "GND", "GND", "C", 74.803, 74.803, 47.244, 47.244, 90],
		[88, "PAD24_1", 744.3791, -100, "B", "DIP", "GND", "GND", "C", 74.803, 74.803, 47.244, 47.244, 90],
		[89, "PAD25_2", 547.5291, -100, "T", "DIP", "OUT", "", "C", 74.803, 74.803, 47.244, 47.244, 90],
		[90, "PAD25_2", 547.5291, -100, "B", "DIP", "OUT", "", "C", 74.803, 74.803, 47.244, 47.244, 90],
		[91, "PAD26_3", 350.6791, -100, "T", "DIP", "$1N626", "", "C", 74.803, 74.803, 47.244, 47.244, 90],
		[92, "PAD26_3", 350.6791, -100, "B", "DIP", "$1N626", "", "C", 74.803, 74.803, 47.244, 47.244, 90],
		[93, "PAD27_1", 408.425, -740, "T", "DIP", "IN", "", "C", 62.992, 62.992, 31.496, 31.496, 180],
		[94, "PAD27_1", 408.425, -740, "B", "DIP", "IN", "", "C", 62.992, 62.992, 31.496, 31.496, 180],
		[95, "PAD28_2", 211.575, -740, "T", "DIP", "$1N540", "", "C", 62.992, 62.992, 31.496, 31.496, 180],
		[96, "PAD28_2", 211.575, -740, "B", "DIP", "$1N540", "", "C", 62.992, 62.992, 31.496, 31.496, 180],
		[97, "PAD29_1", 115, -308.425, "T", "DIP", "$1N568", "", "C", 62.992, 62.992, 31.496, 31.496, 90],
		[98, "PAD29_1", 115, -308.425, "B", "DIP", "$1N568", "", "C", 62.992, 62.992, 31.496, 31.496, 90],
		[99, "PAD30_2", 115, -111.575, "T", "DIP", "$1N626", "", "C", 62.992, 62.992, 31.496, 31.496, 90],
		[100, "PAD30_2", 115, -111.575, "B", "DIP", "$1N626", "", "C", 62.992, 62.992, 31.496, 31.496, 90]
	]
}
}