{
"lengthUnit": "mil",
"remark": [],
"components": {
	"fields": ["COMPONENT_NO", "COMPONENT_NAME", "LAYER", "X_COORDINATE", "Y_COORDINATE", "ANGLE"],
	"rows": [
		[1, "1.5uF", "T", 115, -435, 270],
		[2, "10uF", "T", 440, -430, 270],
		[3, "12K", "T", 280, -595, 180],
		[4, "22K", "T", 280, -715, 180],
		[5, "68K", "T", 280, -830, 180],
		[6, "100K", "T", 280, -955, 0],
		[7, "BOOST\n\nB50K", "T", 275.5906, -190, 180],
		[8, "JFET", "T", 275, -360, 90],
		[9, "PAD1", "T", 161.8898, -1060, 0],
		[10, "PAD1", "B", 161.8898, -1060, 0],
		[11, "PAD2", "T", 240.6299, -1060, 0],
		[12, "PAD2", "B", 240.6299, -1060, 0],
		[13, "PAD3", "T", 319.3701, -1060, 0],
		[14, "PAD3", "B", 319.3701, -1060, 0],
		[15, "PAD4", "T", 398.1102, -1060, 0],
		[16, "PAD4", "B", 398.1102, -1060, 0],
		[17, "PAD5", "T", 486.69, -595, 0],
		[18, "PAD5", "B", 486.69, -595, 0],
		[19, "PAD6", "T", 73.31, -595, 0],
		[20, "PAD6", "B", 73.31, -595, 0],
		[21, "PAD7", "T", 486.69, -715, 0],
		[22, "PAD7", "B", 486.69, -715, 0],
		[23, "PAD8", "T", 73.31, -715, 0],
		[24, "PAD8", "B", 73.31, -715, 0],
		[25, "PAD9", "T", 486.69, -830, 0],
		[26, "PAD9", "B", 486.69, -830, 0],
		[27, "PAD10", "T", 73.31, -830, 0],
		[28, "PAD10", "B", 73.31, -830, 0],
		[29, "PAD11", "T", 73.31, -955, 0],
		[30, "PAD11", "B", 73.31, -955, 0],
		[31, "PAD12", "T", 486.69, -955, 0],
		[32, "PAD12", "B", 486.69, -955, 0],
		[33, "PAD13", "T", 177.1656, -190, 0],
		[34, "PAD13", "B", 177.1656, -190, 0],
		[35, "PAD14", "T", 275.5906, -190, 0],
		[36, "PAD14", "B", 275.5906, -190, 0],
		[37, "PAD15", "T", 374.0156, -190, 0],
		[38, "PAD15", "B", 374.0156, -190, 0],
		[39, "PAD16", "T", 312.4, -320.63, 0],
		[40, "PAD17", "T", 237.6, -320.63, 0],
		[41, "PAD18", "T", 275, -399.37, 0],
		[42, "PAD19", "T", 115, -385.79, 0],
		[43, "PAD19", "B", 115, -385.79, 0],
		[44, "PAD20", "T", 115, -484.21, 0],
		[45, "PAD20", "B", 115, -484.21, 0],
		[46, "PAD21", "T", 440, -380.79, 0],
		[47, "PAD21", "B", 440, -380.79, 0],
		[48, "PAD22", "T", 440, -479.21, 0],
		[49, "PAD22", "B", 440, -479.21, 0]
	]
},
"pins": {
	"fields": ["PIN_NO", "PIN_NAME", "PIN_X", "PIN_Y", "LAYER", "PIN_TYPE", "NET_NAME", "NET_TYPE", "PAD_SHAPE", "PAD_SIZEX", "PAD_SIZEY", "HOLE_SIZE", "HOLE_LEN", "PAD_ANGLE"],
	"rows": [
		[1, "1.5uF_1", 115, -385.79, "T", "DIP", "$1N820", "", "C", 70.866, 70.866, 39.37, 39.37, 0],
		[2, "1.5uF_1", 115, -385.79, "B", "DIP", "$1N820", "", "C", 70.866, 70.866, 39.37, 39.37, 0],
		[3, "1.5uF_2", 115, -484.21, "T", "DIP", "OUT", "", "C", 70.866, 70.866, 39.37, 39.37, 0],
		[4, "1.5uF_2", 115, -484.21, "B", "DIP", "OUT", "", "C", 70.866, 70.866, 39.37, 39.37, 0],
		[5, "10uF_1", 440, -380.79, "T", "DIP", "$1N898", "", "C", 70.866, 70.866, 39.37, 39.37, 0],
		[6, "10uF_1", 440, -380.79, "B", "DIP", "$1N898", "", "C", 70.866, 70.866, 39.37, 39.37, 0],
		[7, "10uF_2", 440, -479.21, "T", "DIP", "GND", "GND", "C", 70.866, 70.866, 39.37, 39.37, 0],
		[8, "10uF_2", 440, -479.21, "B", "DIP", "GND", "GND", "C", 70.866, 70.866, 39.37, 39.37, 0],
		[9, "12K_1", 486.69, -595, "T", "DIP", "GND", "GND", "C", 55.118, 55.118, 27.56, 27.56, 180],
		[10, "12K_1", 486.69, -595, "B", "DIP", "GND", "GND", "C", 55.118, 55.118, 27.56, 27.56, 180],
		[11, "12K_2", 73.31, -595, "T", "DIP", "$1N961", "", "C", 55.118, 55.118, 27.56, 27.56, 180],
		[12, "12K_2", 73.31, -595, "B", "DIP", "$1N961", "", "C", 55.118, 55.118, 27.56, 27.56, 180],
		[13, "22K_1", 486.69, -715, "T", "DIP", "$1N820", "", "C", 55.118, 55.118, 27.56, 27.56, 180],
		[14, "22K_1", 486.69, -715, "B", "DIP", "$1N820", "", "C", 55.118, 55.118, 27.56, 27.56, 180],
		[15, "22K_2", 73.31, -715, "T", "DIP", "+9V", "", "C", 55.118, 55.118, 27.56, 27.56, 180],
		[16, "22K_2", 73.31, -715, "B", "DIP", "+9V", "", "C", 55.118, 55.118, 27.56, 27.56, 180],
		[17, "68K_1", 486.69, -830, "T", "DIP", "IN", "", "C", 55.118, 55.118, 27.56, 27.56, 180],
		[18, "68K_1", 486.69, -830, "B", "DIP", "IN", "", "C", 55.118, 55.118, 27.56, 27.56, 180],
		[19, "68K_2", 73.31, -830, "T", "DIP", "$1N781", "", "C", 55.118, 55.118, 27.56, 27.56, 180],
		[20, "68K_2", 73.31, -830, "B", "DIP", "$1N781", "", "C", 55.118, 55.118, 27.56, 27.56, 180],
		[21, "100K_1", 73.31, -955, "T", "DIP", "GND", "GND", "C", 55.118, 55.118, 27.56, 27.56, 0],
		[22, "100K_1", 73.31, -955, "B", "DIP", "GND", "GND", "C", 55.118, 55.118, 27.56, 27.56, 0],
		[23, "100K_2", 486.69, -955, "T", "DIP", "OUT", "", "C", 55.118, 55.118, 27.56, 27.56, 0],
		[24, "100K_2", 486.69, -955, "B", "DIP", "OUT", "", "C", 55.118, 55.118, 27.56, 27.56, 0],
		[25, "BOOST\n\nB50K_1", 374.0156, -190, "T", "DIP", "$1N898", "", "C", 70.866, 70.866, 47.244, 47.244, 180],
		[26, "BOOST\n\nB50K_1", 374.0156, -190, "B", "DIP", "$1N898", "", "C", 70.866, 70.866, 47.244, 47.244, 180],
		[27, "BOOST\n\nB50K_2", 275.5906, -190, "T", "DIP", "$1N898", "", "C", 70.866, 70.866, 47.244, 47.244, 180],
		[28, "BOOST\n\nB50K_2", 275.5906, -190, "B", "DIP", "$1N898", "", "C", 70.866, 70.866, 47.244, 47.244, 180],
		[29, "BOOST\n\nB50K_3", 177.1656, -190, "T", "DIP", "$1N961", "", "C", 70.866, 70.866, 47.244, 47.244, 180],
		[30, "BOOST\n\nB50K_3", 177.1656, -190, "B", "DIP", "$1N961", "", "C", 70.866, 70.866, 47.244, 47.244, 180],
		[31, "JFET_1", 312.4, -320.63, "T", "SMD", "$1N820", "", "R", 49.213, 27.559, 0, 0, 90],
		[32, "JFET_2", 237.6, -320.63, "T", "SMD", "$1N961", "", "R", 49.213, 27.559, 0, 0, 90],
		[33, "JFET_3", 275, -399.37, "T", "SMD", "$1N781", "", "R", 49.213, 27.559, 0, 0, 90],
		[34, "PAD1_1", 161.8898, -1060, "T", "DIP", "GND", "GND", "C", 60, 60, 36, 36, 0],
		[35, "PAD1_1", 161.8898, -1060, "B", "DIP", "GND", "GND", "C", 60, 60, 36, 36, 0],
		[36, "PAD2_2", 240.6299, -1060, "T", "DIP", "GND", "GND", "C", 60, 60, 36, 36, 0],
		[37, "PAD2_2", 240.6299, -1060, "B", "DIP", "GND", "GND", "C", 60, 60, 36, 36, 0],
		[38, "PAD3_3", 319.3701, -1060, "T", "DIP", "GND", "GND", "C", 60, 60, 36, 36, 0],
		[39, "PAD3_3", 319.3701, -1060, "B", "DIP", "GND", "GND", "C", 60, 60, 36, 36, 0],
		[40, "PAD4_4", 398.1102, -1060, "T", "DIP", "GND", "GND", "C", 60, 60, 36, 36, 0],
		[41, "PAD4_4", 398.1102, -1060, "B", "DIP", "GND", "GND", "C", 60, 60, 36, 36, 0],
		[42, "PAD5_1", 486.69, -595, "T", "DIP", "GND", "GND", "C", 55.118, 55.118, 27.56, 27.56, 180],
		[43, "PAD5_1", 486.69, -595, "B", "DIP", "GND", "GND", "C", 55.118, 55.118, 27.56, 27.56, 180],
		[44, "PAD6_2", 73.31, -595, "T", "DIP", "$1N961", "", "C", 55.118, 55.118, 27.56, 27.56, 180],
		[45, "PAD6_2", 73.31, -595, "B", "DIP", "$1N961", "", "C", 55.118, 55.118, 27.56, 27.56, 180],
		[46, "PAD7_1", 486.69, -715, "T", "DIP", "$1N820", "", "C", 55.118, 55.118, 27.56, 27.56, 180],
		[47, "PAD7_1", 486.69, -715, "B", "DIP", "$1N820", "", "C", 55.118, 55.118, 27.56, 27.56, 180],
		[48, "PAD8_2", 73.31, -715, "T", "DIP", "+9V", "", "C", 55.118, 55.118, 27.56, 27.56, 180],
		[49, "PAD8_2", 73.31, -715, "B", "DIP", "+9V", "", "C", 55.118, 55.118, 27.56, 27.56, 180],
		[50, "PAD9_1", 486.69, -830, "T", "DIP", "IN", "", "C", 55.118, 55.118, 27.56, 27.56, 180],
		[51, "PAD9_1", 486.69, -830, "B", "DIP", "IN", "", "C", 55.118, 55.118, 27.56, 27.56, 180],
		[52, "PAD10_2", 73.31, -830, "T", "DIP", "$1N781", "", "C", 55.118, 55.118, 27.56, 27.56, 180],
		[53, "PAD10_2", 73.31, -830, "B", "DIP", "$1N781", "", "C", 55.118, 55.118, 27.56, 27.56, 180],
		[54, "PAD11_1", 73.31, -955, "T", "DIP", "GND", "GND", "C", 55.118, 55.118, 27.56, 27.56, 0],
		[55, "PAD11_1", 73.31, -955, "B", "DIP", "GND", "GND", "C", 55.118, 55.118, 27.56, 27.56, 0],
		[56, "PAD12_2", 486.69, -955, "T", "DIP", "OUT", "", "C", 55.118, 55.118, 27.56, 27.56, 0],
		[57, "PAD12_2", 486.69, -955, "B", "DIP", "OUT", "", "C", 55.118, 55.118, 27.56, 27.56, 0],
		[58, "PAD13_3", 177.1656, -190, "T", "DIP", "$1N961", "", "C", 70.866, 70.866, 47.244, 47.244, 180],
		[59, "PAD13_3", 177.1656, -190, "B", "DIP", "$1N961", "", "C", 70.866, 70.866, 47.244, 47.244, 180],
		[60, "PAD14_2", 275.5906, -190, "T", "DIP", "$1N898", "", "C", 70.866, 70.866, 47.244, 47.244, 180],
		[61, "PAD14_2", 275.5906, -190, "B", "DIP", "$1N898", "", "C", 70.866, 70.866, 47.244, 47.244, 180],
		[62, "PAD15_1", 374.0156, -190, "T", "DIP", "$1N898", "", "C", 70.866, 70.866, 47.244, 47.244, 180],
		[63, "PAD15_1", 374.0156, -190, "B", "DIP", "$1N898", "", "C", 70.866, 70.866, 47.244, 47.244, 180],
		[64, "PAD16_1", 312.4, -320.63, "T", "SMD", "$1N820", "", "R", 49.213, 27.559, 0, 0, 90],
		[65, "PAD17_2", 237.6, -320.63, "T", "SMD", "$1N961", "", "R", 49.213, 27.559, 0, 0, 90],
		[66, "PAD18_3", 275, -399.37, "T", "SMD", "$1N781", "", "R", 49.213, 27.559, 0, 0, 90],
		[67, "PAD19_1", 115, -385.79, "T", "DIP", "$1N820", "", "C", 70.866, 70.866, 39.37, 39.37, 0],
		[68, "PAD19_1", 115, -385.79, "B", "DIP", "$1N820", "", "C", 70.866, 70.866, 39.37, 39.37, 0],
		[69, "PAD20_2", 115, -484.21, "T", "DIP", "OUT", "", "C", 70.866, 70.866, 39.37, 39.37, 0],
		[70, "PAD20_2", 115, -484.21, "B", "DIP", "OUT", "", "C", 70.866, 70.866, 39.37, 39.37, 0],
		[71, "PAD21_1", 440, -380.79, "T", "DIP", "$1N898", "", "C", 70.866, 70.866, 39.37, 39.37, 0],
		[72, "PAD21_1", 440, -380.79, "B", "DIP", "$1N898", "", "C", 70.866, 70.866, 39.37, 39.37, 0],
		[73, "PAD22_2", 440, -479.21, "T", "DIP", "GND", "GND", "C", 70.866, 70.866, 39.37, 39.37, 0],
		[74, "PAD22_2", 440, -479.21, "B", "DIP", "GND", "GND", "C", 70.866, 70.866, 39.37, 39.37, 0]
	]
}
}