{
"lengthUnit": "mil",
"remark": [],
"components": {
	"fields": ["COMPONENT_NO", "COMPONENT_NAME", "LAYER", "X_COORDINATE", "Y_COORDINATE", "ANGLE"],
	"rows": [
		[1, "10M", "T", 175, -277.5202, 270],
		[2, "10M", "T", 61.7692, -277.5202, 90],
		[3, "10uF", "T", 690, -155, 0],
		[4, "10uF", "T", 690, -395, 180],
		[5, "TL072", "T", 415, -267.2134, 90],
		[6, "PAD1", "T", 120, -545, 0],
		[7, "PAD1", "B", 120, -545, 0],
		[8, "PAD2", "T", 380, -545, 0],
		[9, "PAD2", "B", 380, -545, 0],
		[10, "PAD3", "T", 265, -545, 0],
		[11, "PAD3", "B", 265, -545, 0],
		[12, "PAD4", "T", 490, -545, 0],
		[13, "PAD4", "B", 490, -545, 0],
		[14, "PAD5", "T", 655, -545, 0],
		[15, "PAD5", "B", 655, -545, 0],
		[16, "PAD6", "T", 660.47, -155, 0],
		[17, "PAD6", "B", 660.47, -155, 0],
		[18, "PAD7", "T", 719.53, -155, 0],
		[19, "PAD7", "B", 719.53, -155, 0],
		[20, "PAD8", "T", 719.53, -395, 0],
		[21, "PAD8", "B", 719.53, -395, 0],
		[22, "PAD9", "T", 660.47, -395, 0],
		[23, "PAD9", "B", 660.47, -395, 0],
		[24, "PAD10", "T", 175, -70.8302, 0],
		[25, "PAD10", "B", 175, -70.8302, 0],
		[26, "PAD11", "T", 175, -484.2102, 0],
		[27, "PAD11", "B", 175, -484.2102, 0],
		[28, "PAD12", "T", 61.7692, -484.2102, 0],
		[29, "PAD12", "B", 61.7692, -484.2102, 0],
		[30, "PAD13", "T", 61.7692, -70.8302, 0],
		[31, "PAD13", "B", 61.7692, -70.8302, 0],
		[32, "PAD14", "T", 565, -417.2134, 0],
		[33, "PAD14", "B", 565, -417.2134, 0],
		[34, "PAD15", "T", 565, -317.2134, 0],
		[35, "PAD15", "B", 565, -317.2134, 0],
		[36, "PAD16", "T", 565, -217.2134, 0],
		[37, "PAD16", "B", 565, -217.2134, 0],
		[38, "PAD17", "T", 565, -117.2134, 0],
		[39, "PAD17", "B", 565, -117.2134, 0],
		[40, "PAD18", "T", 265, -417.2134, 0],
		[41, "PAD18", "B", 265, -417.2134, 0],
		[42, "PAD19", "T", 265, -317.2134, 0],
		[43, "PAD19", "B", 265, -317.2134, 0],
		[44, "PAD20", "T", 265, -217.2134, 0],
		[45, "PAD20", "B", 265, -217.2134, 0],
		[46, "PAD21", "T", 265, -117.2134, 0],
		[47, "PAD21", "B", 265, -117.2134, 0]
	]
},
"pins": {
	"fields": ["PIN_NO", "PIN_NAME", "PIN_X", "PIN_Y", "LAYER", "PIN_TYPE", "NET_NAME", "NET_TYPE", "PAD_SHAPE", "PAD_SIZEX", "PAD_SIZEY", "HOLE_SIZE", "HOLE_LEN", "PAD_ANGLE"],
	"rows": [
		[1, "10M_1", 175, -70.8302, "T", "DIP", "NET1", "", "C", 55.118, 55.118, 27.56, 27.56, 270],
		[2, "10M_1", 175, -70.8302, "B", "DIP", "NET1", "", "C", 55.118, 55.118, 27.56, 27.56, 270],
		[3, "10M_2", 175, -484.2102, "T", "DIP", "+9V", "", "C", 55.118, 55.118, 27.56, 27.56, 270],
		[4, "10M_2", 175, -484.2102, "B", "DIP", "+9V", "", "C", 55.118, 55.118, 27.56, 27.56, 270],
		[5, "10M_1", 61.7692, -484.2102, "T", "DIP", "GND", "GND", "C", 55.118, 55.118, 27.56, 27.56, 90],
		[6, "10M_1", 61.7692, -484.2102, "B", "DIP", "GND", "GND", "C", 55.118, 55.118, 27.56, 27.56, 90],
		[7, "10M_2", 61.7692, -70.8302, "T", "DIP", "NET1", "", "C", 55.118, 55.118, 27.56, 27.56, 90],
		[8, "10M_2", 61.7692, -70.8302, "B", "DIP", "NET1", "", "C", 55.118, 55.118, 27.56, 27.56, 90],
		[9, "10uF_1", 660.47, -155, "T", "DIP", "$1N606", "", "C", 47.244, 47.244, 31.496, 31.496, 90],
		[10, "10uF_1", 660.47, -155, "B", "DIP", "$1N606", "", "C", 47.244, 47.244, 31.496, 31.496, 90],
		[11, "10uF_2", 719.53, -155, "T", "DIP", "OUT1", "", "C", 47.244, 47.244, 31.496, 31.496, 90],
		[12, "10uF_2", 719.53, -155, "B", "DIP", "OUT1", "", "C", 47.244, 47.244, 31.496, 31.496, 90],
		[13, "10uF_1", 719.53, -395, "T", "DIP", "$1N595", "", "C", 47.244, 47.244, 31.496, 31.496, 270],
		[14, "10uF_1", 719.53, -395, "B", "DIP", "$1N595", "", "C", 47.244, 47.244, 31.496, 31.496, 270],
		[15, "10uF_2", 660.47, -395, "T", "DIP", "OUT2", "", "C", 47.244, 47.244, 31.496, 31.496, 270],
		[16, "10uF_2", 660.47, -395, "B", "DIP", "OUT2", "", "C", 47.244, 47.244, 31.496, 31.496, 270],
		[17, "TL072_1", 565, -417.2134, "T", "DIP", "$1N595", "", "R", 59.055, 59.055, 35.434, 35.434, 90],
		[18, "TL072_1", 565, -417.2134, "B", "DIP", "$1N595", "", "R", 59.055, 59.055, 35.434, 35.434, 90],
		[19, "TL072_2", 565, -317.2134, "T", "DIP", "$1N595", "", "C", 59.055, 59.055, 35.434, 35.434, 90],
		[20, "TL072_2", 565, -317.2134, "B", "DIP", "$1N595", "", "C", 59.055, 59.055, 35.434, 35.434, 90],
		[21, "TL072_3", 565, -217.2134, "T", "DIP", "NET1", "", "C", 59.055, 59.055, 35.434, 35.434, 90],
		[22, "TL072_3", 565, -217.2134, "B", "DIP", "NET1", "", "C", 59.055, 59.055, 35.434, 35.434, 90],
		[23, "TL072_4", 565, -117.2134, "T", "DIP", "GND", "GND", "C", 59.055, 59.055, 35.434, 35.434, 90],
		[24, "TL072_4", 565, -117.2134, "B", "DIP", "GND", "GND", "C", 59.055, 59.055, 35.434, 35.434, 90],
		[25, "TL072_5", 265, -117.2134, "T", "DIP", "NET1", "", "C", 59.055, 59.055, 35.434, 35.434, 90],
		[26, "TL072_5", 265, -117.2134, "B", "DIP", "NET1", "", "C", 59.055, 59.055, 35.434, 35.434, 90],
		[27, "TL072_6", 265, -217.2134, "T", "DIP", "$1N606", "", "C", 59.055, 59.055, 35.434, 35.434, 90],
		[28, "TL072_6", 265, -217.2134, "B", "DIP", "$1N606", "", "C", 59.055, 59.055, 35.434, 35.434, 90],
		[29, "TL072_7", 265, -317.2134, "T", "DIP", "$1N606", "", "C", 59.055, 59.055, 35.434, 35.434, 90],
		[30, "TL072_7", 265, -317.2134, "B", "DIP", "$1N606", "", "C", 59.055, 59.055, 35.434, 35.434, 90],
		[31, "TL072_8", 265, -417.2134, "T", "DIP", "+9V", "", "C", 59.055, 59.055, 35.434, 35.434, 90],
		[32, "TL072_8", 265, -417.2134, "B", "DIP", "+9V", "", "C", 59.055, 59.055, 35.434, 35.434, 90],
		[33, "PAD1_1", 120, -545, "T", "DIP", "GND", "GND", "C", 60, 60, 36, 36, 0],
		[34, "PAD1_1", 120, -545, "B", "DIP", "GND", "GND", "C", 60, 60, 36, 36, 0],
		[35, "PAD2_3", 380, -545, "T", "DIP", "NET1", "", "C", 60, 60, 36, 36, 0],
		[36, "PAD2_3", 380, -545, "B", "DIP", "NET1", "", "C", 60, 60, 36, 36, 0],
		[37, "PAD3_5", 265, -545, "T", "DIP", "+9V", "", "C", 60, 60, 36, 36, 0],
		[38, "PAD3_5", 265, -545, "B", "DIP", "+9V", "", "C", 60, 60, 36, 36, 0],
		[39, "PAD4_6", 490, -545, "T", "DIP", "OUT2", "", "C", 60, 60, 36, 36, 0],
		[40, "PAD4_6", 490, -545, "B", "DIP", "OUT2", "", "C", 60, 60, 36, 36, 0],
		[41, "PAD5_7", 655, -545, "T", "DIP", "OUT1", "", "C", 60, 60, 36, 36, 0],
		[42, "PAD5_7", 655, -545, "B", "DIP", "OUT1", "", "C", 60, 60, 36, 36, 0],
		[43, "PAD6_1", 660.47, -155, "T", "DIP", "$1N606", "", "C", 47.244, 47.244, 31.496, 31.496, 90],
		[44, "PAD6_1", 660.47, -155, "B", "DIP", "$1N606", "", "C", 47.244, 47.244, 31.496, 31.496, 90],
		[45, "PAD7_2", 719.53, -155, "T", "DIP", "OUT1", "", "C", 47.244, 47.244, 31.496, 31.496, 90],
		[46, "PAD7_2", 719.53, -155, "B", "DIP", "OUT1", "", "C", 47.244, 47.244, 31.496, 31.496, 90],
		[47, "PAD8_1", 719.53, -395, "T", "DIP", "$1N595", "", "C", 47.244, 47.244, 31.496, 31.496, 270],
		[48, "PAD8_1", 719.53, -395, "B", "DIP", "$1N595", "", "C", 47.244, 47.244, 31.496, 31.496, 270],
		[49, "PAD9_2", 660.47, -395, "T", "DIP", "OUT2", "", "C", 47.244, 47.244, 31.496, 31.496, 270],
		[50, "PAD9_2", 660.47, -395, "B", "DIP", "OUT2", "", "C", 47.244, 47.244, 31.496, 31.496, 270],
		[51, "PAD10_1", 175, -70.8302, "T", "DIP", "NET1", "", "C", 55.118, 55.118, 27.56, 27.56, 270],
		[52, "PAD10_1", 175, -70.8302, "B", "DIP", "NET1", "", "C", 55.118, 55.118, 27.56, 27.56, 270],
		[53, "PAD11_2", 175, -484.2102, "T", "DIP", "+9V", "", "C", 55.118, 55.118, 27.56, 27.56, 270],
		[54, "PAD11_2", 175, -484.2102, "B", "DIP", "+9V", "", "C", 55.118, 55.118, 27.56, 27.56, 270],
		[55, "PAD12_1", 61.7692, -484.2102, "T", "DIP", "GND", "GND", "C", 55.118, 55.118, 27.56, 27.56, 90],
		[56, "PAD12_1", 61.7692, -484.2102, "B", "DIP", "GND", "GND", "C", 55.118, 55.118, 27.56, 27.56, 90],
		[57, "PAD13_2", 61.7692, -70.8302, "T", "DIP", "NET1", "", "C", 55.118, 55.118, 27.56, 27.56, 90],
		[58, "PAD13_2", 61.7692, -70.8302, "B", "DIP", "NET1", "", "C", 55.118, 55.118, 27.56, 27.56, 90],
		[59, "PAD14_1", 565, -417.2134, "T", "DIP", "$1N595", "", "R", 59.055, 59.055, 35.434, 35.434, 90],
		[60, "PAD14_1", 565, -417.2134, "B", "DIP", "$1N595", "", "R", 59.055, 59.055, 35.434, 35.434, 90],
		[61, "PAD15_2", 565, -317.2134, "T", "DIP", "$1N595", "", "C", 59.055, 59.055, 35.434, 35.434, 90],
		[62, "PAD15_2", 565, -317.2134, "B", "DIP", "$1N595", "", "C", 59.055, 59.055, 35.434, 35.434, 90],
		[63, "PAD16_3", 565, -217.2134, "T", "DIP", "NET1", "", "C", 59.055, 59.055, 35.434, 35.434, 90],
		[64, "PAD16_3", 565, -217.2134, "B", "DIP", "NET1", "", "C", 59.055, 59.055, 35.434, 35.434, 90],
		[65, "PAD17_4", 565, -117.2134, "T", "DIP", "GND", "GND", "C", 59.055, 59.055, 35.434, 35.434, 90],
		[66, "PAD17_4", 565, -117.2134, "B", "DIP", "GND", "GND", "C", 59.055, 59.055, 35.434, 35.434, 90],
		[67, "PAD18_8", 265, -417.2134, "T", "DIP", "+9V", "", "C", 59.055, 59.055, 35.434, 35.434, 90],
		[68, "PAD18_8", 265, -417.2134, "B", "DIP", "+9V", "", "C", 59.055, 59.055, 35.434, 35.434, 90],
		[69, "PAD19_7", 265, -317.2134, "T", "DIP", "$1N606", "", "C", 59.055, 59.055, 35.434, 35.434, 90],
		[70, "PAD19_7", 265, -317.2134, "B", "DIP", "$1N606", "", "C", 59.055, 59.055, 35.434, 35.434, 90],
		[71, "PAD20_6", 265, -217.2134, "T", "DIP", "$1N606", "", "C", 59.055, 59.055, 35.434, 35.434, 90],
		[72, "PAD20_6", 265, -217.2134, "B", "DIP", "$1N606", "", "C", 59.055, 59.055, 35.434, 35.434, 90],
		[73, "PAD21_5", 265, -117.2134, "T", "DIP", "NET1", "", "C", 59.055, 59.055, 35.434, 35.434, 90],
		[74, "PAD21_5", 265, -117.2134, "B", "DIP", "NET1", "", "C", 59.055, 59.055, 35.434, 35.434, 90]
	]
}
}