{
"lengthUnit": "mil",
"remark": [],
"components": {
	"fields": ["COMPONENT_NO", "COMPONENT_NAME", "LAYER", "X_COORDINATE", "Y_COORDINATE", "ANGLE"],
	"rows": [
		[1, "1K", "T", 580, -1140, 90],
		[2, "1uF", "T", 430, -125, 0],
		[3, "1uF", "T", 315, -710, 180],
		[4, "1uF", "T", 2030, -1345, 90],
		[5, "3.3K", "T", 1440, -1900, 90],
		[6, "3.3n", "T", 885, -1140, 270],
		[7, "10K", "T", 115, -285, 270],
		[8, "10K", "T", 1110, -660, 270],
		[9, "10K", "T", 1015, -125.0005, 0],
		[10, "10K", "T", 1885, -330, 270],
		[11, "10K", "T", 1545, -1495, 90],
		[12, "10n", "T", 970, -1390, 0],
		[13, "15K", "T", 970, -1675, 180],
		[14, "22K", "T", 725, -1140, 270],
		[15, "39K", "T", 120, -1140, 90],
		[16, "39K", "T", 1230, -1215, 180],
		[17, "47K", "T", 280, -1140, 90],
		[18, "100K", "T", 955, -660, 270],
		[19, "100K", "T", 1750, -1030, 180],
		[20, "100K", "T", 1315, -1900, 90],
		[21, "100n", "T", 1015, -310, 0],
		[22, "100n", "T", 1605, -125, 0],
		[23, "100n", "T", 1165, -1900, 90],
		[24, "100n", "T", 1015, -1900, 90],
		[25, "100R", "T", 435, -1140, 90],
		[26, "150R", "T", 805, -660, 270],
		[27, "150R", "T", 1750, -880, 180],
		[28, "430K", "T", 970, -1530, 180],
		[29, "470K", "T", 435, -520, 0],
		[30, "470K", "T", 1255, -660, 90],
		[31, "470K", "T", 1750, -1160, 0],
		[32, "470p", "T", 425, -330, 0],
		[33, "470p", "T", 1415, -660, 270],
		[34, "470p", "T", 1750, -1305, 180],
		[35, "C6", "T", 1295, -305, 180],
		[36, "D", "T", 1610, -435, 180],
		[37, "D1", "T", 1610, -295, 0],
		[38, "D2", "T", 1795, -1515, 0],
		[39, "D3", "T", 1795, -1650, 180],
		[40, "NPN", "T", 570, -710, 90],
		[41, "NPN1", "T", 1140, -1035, 0],
		[42, "NPN2", "T", 1330, -1540, 180],
		[43, "NPN3", "T", 1370, -1035, 270],
		[44, "PAD1", "T", 115, -593.8816, 0],
		[45, "PAD1", "B", 115, -593.8816, 0],
		[46, "PAD2", "T", 115, -712.9367, 0],
		[47, "PAD2", "B", 115, -712.9367, 0],
		[48, "PAD3", "T", 115, -831.9919, 0],
		[49, "PAD3", "B", 115, -831.9919, 0],
		[50, "PAD4", "T", 590.1016, -2110, 0],
		[51, "PAD4", "B", 590.1016, -2110, 0],
		[52, "PAD5", "T", 668.8418, -2110, 0],
		[53, "PAD5", "B", 668.8418, -2110, 0],
		[54, "PAD6", "T", 747.5819, -2110, 0],
		[55, "PAD6", "B", 747.5819, -2110, 0],
		[56, "PAD7", "T", 511.3615, -2110, 0],
		[57, "PAD7", "B", 511.3615, -2110, 0],
		[58, "PAD8", "T", 432.6213, -2110, 0],
		[59, "PAD8", "B", 432.6213, -2110, 0],
		[60, "PAD9", "T", 326.6, -330, 0],
		[61, "PAD9", "B", 326.6, -330, 0],
		[62, "PAD10", "T", 523.4, -330, 0],
		[63, "PAD10", "B", 523.4, -330, 0],
		[64, "PAD11", "T", 331.6, -125, 0],
		[65, "PAD11", "B", 331.6, -125, 0],
		[66, "PAD12", "T", 528.4, -125, 0],
		[67, "PAD12", "B", 528.4, -125, 0],
		[68, "PAD13", "T", 916.6, -310, 0],
		[69, "PAD13", "B", 916.6, -310, 0],
		[70, "PAD14", "T", 1113.4, -310, 0],
		[71, "PAD14", "B", 1113.4, -310, 0],
		[72, "PAD15", "T", 275.63, -710, 0],
		[73, "PAD15", "B", 275.63, -710, 0],
		[74, "PAD16", "T", 354.37, -710, 0],
		[75, "PAD16", "B", 354.37, -710, 0],
		[76, "PAD17", "T", 1255.63, -305, 0],
		[77, "PAD17", "B", 1255.63, -305, 0],
		[78, "PAD18", "T", 1334.37, -305, 0],
		[79, "PAD18", "B", 1334.37, -305, 0],
		[80, "PAD19", "T", 1506.6, -125, 0],
		[81, "PAD19", "B", 1506.6, -125, 0],
		[82, "PAD20", "T", 1703.4, -125, 0],
		[83, "PAD20", "B", 1703.4, -125, 0],
		[84, "PAD21", "T", 2030, -1305.63, 0],
		[85, "PAD21", "B", 2030, -1305.63, 0],
		[86, "PAD22", "T", 2030, -1384.37, 0],
		[87, "PAD22", "B", 2030, -1384.37, 0],
		[88, "PAD23", "T", 885, -1041.6, 0],
		[89, "PAD23", "B", 885, -1041.6, 0],
		[90, "PAD24", "T", 885, -1238.4, 0],
		[91, "PAD24", "B", 885, -1238.4, 0],
		[92, "PAD25", "T", 871.6, -1390, 0],
		[93, "PAD25", "B", 871.6, -1390, 0],
		[94, "PAD26", "T", 1068.4, -1390, 0],
		[95, "PAD26", "B", 1068.4, -1390, 0],
		[96, "PAD27", "T", 1165, -1998.4, 0],
		[97, "PAD27", "B", 1165, -1998.4, 0],
		[98, "PAD28", "T", 1165, -1801.6, 0],
		[99, "PAD28", "B", 1165, -1801.6, 0],
		[100, "PAD29", "T", 1015, -1998.4, 0],
		[101, "PAD29", "B", 1015, -1998.4, 0],
		[102, "PAD30", "T", 1015, -1801.6, 0],
		[103, "PAD30", "B", 1015, -1801.6, 0],
		[104, "PAD31", "T", 1415, -561.6, 0],
		[105, "PAD31", "B", 1415, -561.6, 0],
		[106, "PAD32", "T", 1415, -758.4, 0],
		[107, "PAD32", "B", 1415, -758.4, 0],
		[108, "PAD33", "T", 1848.4, -1305, 0],
		[109, "PAD33", "B", 1848.4, -1305, 0],
		[110, "PAD34", "T", 1651.6, -1305, 0],
		[111, "PAD34", "B", 1651.6, -1305, 0],
		[112, "PAD35", "T", 1452.52, -435, 0],
		[113, "PAD35", "B", 1452.52, -435, 0],
		[114, "PAD36", "T", 1767.48, -435, 0],
		[115, "PAD36", "B", 1767.48, -435, 0],
		[116, "PAD37", "T", 1767.48, -295, 0],
		[117, "PAD37", "B", 1767.48, -295, 0],
		[118, "PAD38", "T", 1452.52, -295, 0],
		[119, "PAD38", "B", 1452.52, -295, 0],
		[120, "PAD39", "T", 1952.48, -1515, 0],
		[121, "PAD39", "B", 1952.48, -1515, 0],
		[122, "PAD40", "T", 1637.52, -1515, 0],
		[123, "PAD40", "B", 1637.52, -1515, 0],
		[124, "PAD41", "T", 1637.52, -1650, 0],
		[125, "PAD41", "B", 1637.52, -1650, 0],
		[126, "PAD42", "T", 1952.48, -1650, 0],
		[127, "PAD42", "B", 1952.48, -1650, 0],
		[128, "PAD43", "T", 570, -660, 0],
		[129, "PAD43", "B", 570, -660, 0],
		[130, "PAD44", "T", 570, -710, 0],
		[131, "PAD44", "B", 570, -710, 0],
		[132, "PAD45", "T", 570, -760, 0],
		[133, "PAD45", "B", 570, -760, 0],
		[134, "PAD46", "T", 1190, -1035, 0],
		[135, "PAD46", "B", 1190, -1035, 0],
		[136, "PAD47", "T", 1140, -1035, 0],
		[137, "PAD47", "B", 1140, -1035, 0],
		[138, "PAD48", "T", 1090, -1035, 0],
		[139, "PAD48", "B", 1090, -1035, 0],
		[140, "PAD49", "T", 1280, -1540, 0],
		[141, "PAD49", "B", 1280, -1540, 0],
		[142, "PAD50", "T", 1330, -1540, 0],
		[143, "PAD50", "B", 1330, -1540, 0],
		[144, "PAD51", "T", 1380, -1540, 0],
		[145, "PAD51", "B", 1380, -1540, 0],
		[146, "PAD52", "T", 1370, -1085, 0],
		[147, "PAD52", "B", 1370, -1085, 0],
		[148, "PAD53", "T", 1370, -1035, 0],
		[149, "PAD53", "B", 1370, -1035, 0],
		[150, "PAD54", "T", 1370, -985, 0],
		[151, "PAD54", "B", 1370, -985, 0],
		[152, "PAD55", "T", 120, -1346.69, 0],
		[153, "PAD55", "B", 120, -1346.69, 0],
		[154, "PAD56", "T", 120, -933.31, 0],
		[155, "PAD56", "B", 120, -933.31, 0],
		[156, "PAD57", "T", 228.31, -520, 0],
		[157, "PAD57", "B", 228.31, -520, 0],
		[158, "PAD58", "T", 641.69, -520, 0],
		[159, "PAD58", "B", 641.69, -520, 0],
		[160, "PAD59", "T", 115, -78.31, 0],
		[161, "PAD59", "B", 115, -78.31, 0],
		[162, "PAD60", "T", 115, -491.69, 0],
		[163, "PAD60", "B", 115, -491.69, 0],
		[164, "PAD61", "T", 435, -1346.69, 0],
		[165, "PAD61", "B", 435, -1346.69, 0],
		[166, "PAD62", "T", 435, -933.31, 0],
		[167, "PAD62", "B", 435, -933.31, 0],
		[168, "PAD63", "T", 580, -1346.69, 0],
		[169, "PAD63", "B", 580, -1346.69, 0],
		[170, "PAD64", "T", 580, -933.31, 0],
		[171, "PAD64", "B", 580, -933.31, 0],
		[172, "PAD65", "T", 1110, -453.31, 0],
		[173, "PAD65", "B", 1110, -453.31, 0],
		[174, "PAD66", "T", 1110, -866.69, 0],
		[175, "PAD66", "B", 1110, -866.69, 0],
		[176, "PAD67", "T", 955, -453.31, 0],
		[177, "PAD67", "B", 955, -453.31, 0],
		[178, "PAD68", "T", 955, -866.69, 0],
		[179, "PAD68", "B", 955, -866.69, 0],
		[180, "PAD69", "T", 805, -453.31, 0],
		[181, "PAD69", "B", 805, -453.31, 0],
		[182, "PAD70", "T", 805, -866.69, 0],
		[183, "PAD70", "B", 805, -866.69, 0],
		[184, "PAD71", "T", 1255, -866.69, 0],
		[185, "PAD71", "B", 1255, -866.69, 0],
		[186, "PAD72", "T", 1255, -453.31, 0],
		[187, "PAD72", "B", 1255, -453.31, 0],
		[188, "PAD73", "T", 808.31, -125.0005, 0],
		[189, "PAD73", "B", 808.31, -125.0005, 0],
		[190, "PAD74", "T", 1221.69, -125.0005, 0],
		[191, "PAD74", "B", 1221.69, -125.0005, 0],
		[192, "PAD75", "T", 1885, -123.31, 0],
		[193, "PAD75", "B", 1885, -123.31, 0],
		[194, "PAD76", "T", 1885, -536.69, 0],
		[195, "PAD76", "B", 1885, -536.69, 0],
		[196, "PAD77", "T", 1956.69, -1030, 0],
		[197, "PAD77", "B", 1956.69, -1030, 0],
		[198, "PAD78", "T", 1543.31, -1030, 0],
		[199, "PAD78", "B", 1543.31, -1030, 0],
		[200, "PAD79", "T", 1956.69, -880, 0],
		[201, "PAD79", "B", 1956.69, -880, 0],
		[202, "PAD80", "T", 1543.31, -880, 0],
		[203, "PAD80", "B", 1543.31, -880, 0],
		[204, "PAD81", "T", 1543.31, -1160, 0],
		[205, "PAD81", "B", 1543.31, -1160, 0],
		[206, "PAD82", "T", 1956.69, -1160, 0],
		[207, "PAD82", "B", 1956.69, -1160, 0],
		[208, "PAD83", "T", 1545, -1701.69, 0],
		[209, "PAD83", "B", 1545, -1701.69, 0],
		[210, "PAD84", "T", 1545, -1288.31, 0],
		[211, "PAD84", "B", 1545, -1288.31, 0],
		[212, "PAD85", "T", 1436.69, -1215, 0],
		[213, "PAD85", "B", 1436.69, -1215, 0],
		[214, "PAD86", "T", 1023.31, -1215, 0],
		[215, "PAD86", "B", 1023.31, -1215, 0],
		[216, "PAD87", "T", 725, -933.31, 0],
		[217, "PAD87", "B", 725, -933.31, 0],
		[218, "PAD88", "T", 725, -1346.69, 0],
		[219, "PAD88", "B", 725, -1346.69, 0],
		[220, "PAD89", "T", 1176.69, -1530, 0],
		[221, "PAD89", "B", 1176.69, -1530, 0],
		[222, "PAD90", "T", 763.31, -1530, 0],
		[223, "PAD90", "B", 763.31, -1530, 0],
		[224, "PAD91", "T", 1176.69, -1675, 0],
		[225, "PAD91", "B", 1176.69, -1675, 0],
		[226, "PAD92", "T", 763.31, -1675, 0],
		[227, "PAD92", "B", 763.31, -1675, 0],
		[228, "PAD93", "T", 1440, -2106.69, 0],
		[229, "PAD93", "B", 1440, -2106.69, 0],
		[230, "PAD94", "T", 1440, -1693.31, 0],
		[231, "PAD94", "B", 1440, -1693.31, 0],
		[232, "PAD95", "T", 1315, -2106.69, 0],
		[233, "PAD95", "B", 1315, -2106.69, 0],
		[234, "PAD96", "T", 1315, -1693.31, 0],
		[235, "PAD96", "B", 1315, -1693.31, 0],
		[236, "PAD97", "T", 280, -1346.69, 0],
		[237, "PAD97", "B", 280, -1346.69, 0],
		[238, "PAD98", "T", 280, -933.31, 0],
		[239, "PAD98", "B", 280, -933.31, 0]
	]
},
"pins": {
	"fields": ["PIN_NO", "PIN_NAME", "PIN_X", "PIN_Y", "LAYER", "PIN_TYPE", "NET_NAME", "NET_TYPE", "PAD_SHAPE", "PAD_SIZEX", "PAD_SIZEY", "HOLE_SIZE", "HOLE_LEN", "PAD_ANGLE"],
	"rows": [
		[1, "1K_1", 580, -1346.69, "T", "DIP", "GND", "GND", "C", 55.118, 55.118, 27.56, 27.56, 90],
		[2, "1K_1", 580, -1346.69, "B", "DIP", "GND", "GND", "C", 55.118, 55.118, 27.56, 27.56, 90],
		[3, "1K_2", 580, -933.31, "T", "DIP", "$1N1261", "", "C", 55.118, 55.118, 27.56, 27.56, 90],
		[4, "1K_2", 580, -933.31, "B", "DIP", "$1N1261", "", "C", 55.118, 55.118, 27.56, 27.56, 90],
		[5, "1uF_1", 331.6, -125, "T", "DIP", "$1N964", "", "C", 70.866, 70.866, 31.496, 31.496, 0],
		[6, "1uF_1", 331.6, -125, "B", "DIP", "$1N964", "", "C", 70.866, 70.866, 31.496, 31.496, 0],
		[7, "1uF_2", 528.4, -125, "T", "DIP", "$1N1163", "", "C", 70.866, 70.866, 31.496, 31.496, 0],
		[8, "1uF_2", 528.4, -125, "B", "DIP", "$1N1163", "", "C", 70.866, 70.866, 31.496, 31.496, 0],
		[9, "1uF_1", 354.37, -710, "T", "DIP", "$1N1005", "", "C", 43.307, 43.307, 27.56, 27.56, 180],
		[10, "1uF_1", 354.37, -710, "B", "DIP", "$1N1005", "", "C", 43.307, 43.307, 27.56, 27.56, 180],
		[11, "1uF_2", 275.63, -710, "T", "DIP", "$1N884", "", "C", 43.307, 43.307, 27.56, 27.56, 180],
		[12, "1uF_2", 275.63, -710, "B", "DIP", "$1N884", "", "C", 43.307, 43.307, 27.56, 27.56, 180],
		[13, "1uF_1", 2030, -1384.37, "T", "DIP", "$1N2336", "", "C", 43.307, 43.307, 27.56, 27.56, 90],
		[14, "1uF_1", 2030, -1384.37, "B", "DIP", "$1N2336", "", "C", 43.307, 43.307, 27.56, 27.56, 90],
		[15, "1uF_2", 2030, -1305.63, "T", "DIP", "$1N2368", "", "C", 43.307, 43.307, 27.56, 27.56, 90],
		[16, "1uF_2", 2030, -1305.63, "B", "DIP", "$1N2368", "", "C", 43.307, 43.307, 27.56, 27.56, 90],
		[17, "3.3K_1", 1440, -2106.69, "T", "DIP", "GND", "GND", "C", 55.118, 55.118, 27.56, 27.56, 90],
		[18, "3.3K_1", 1440, -2106.69, "B", "DIP", "GND", "GND", "C", 55.118, 55.118, 27.56, 27.56, 90],
		[19, "3.3K_2", 1440, -1693.31, "T", "DIP", "$1N2913", "", "C", 55.118, 55.118, 27.56, 27.56, 90],
		[20, "3.3K_2", 1440, -1693.31, "B", "DIP", "$1N2913", "", "C", 55.118, 55.118, 27.56, 27.56, 90],
		[21, "3.3n_1", 885, -1041.6, "T", "DIP", "$1N2339", "", "C", 70.866, 70.866, 31.496, 31.496, 270],
		[22, "3.3n_1", 885, -1041.6, "B", "DIP", "$1N2339", "", "C", 70.866, 70.866, 31.496, 31.496, 270],
		[23, "3.3n_2", 885, -1238.4, "T", "DIP", "$1N2518", "", "C", 70.866, 70.866, 31.496, 31.496, 270],
		[24, "3.3n_2", 885, -1238.4, "B", "DIP", "$1N2518", "", "C", 70.866, 70.866, 31.496, 31.496, 270],
		[25, "10K_1", 115, -78.31, "T", "DIP", "$1N964", "", "C", 55.118, 55.118, 27.56, 27.56, 270],
		[26, "10K_1", 115, -78.31, "B", "DIP", "$1N964", "", "C", 55.118, 55.118, 27.56, 27.56, 270],
		[27, "10K_2", 115, -491.69, "T", "DIP", "+9V", "", "C", 55.118, 55.118, 27.56, 27.56, 270],
		[28, "10K_2", 115, -491.69, "B", "DIP", "+9V", "", "C", 55.118, 55.118, 27.56, 27.56, 270],
		[29, "10K_1", 1110, -453.31, "T", "DIP", "$1N1338", "", "C", 55.118, 55.118, 27.56, 27.56, 270],
		[30, "10K_1", 1110, -453.31, "B", "DIP", "$1N1338", "", "C", 55.118, 55.118, 27.56, 27.56, 270],
		[31, "10K_2", 1110, -866.69, "T", "DIP", "$1N1602", "", "C", 55.118, 55.118, 27.56, 27.56, 270],
		[32, "10K_2", 1110, -866.69, "B", "DIP", "$1N1602", "", "C", 55.118, 55.118, 27.56, 27.56, 270],
		[33, "10K_1", 808.31, -125.0005, "T", "DIP", "+9V", "", "C", 55.118, 55.118, 27.56, 27.56, 0],
		[34, "10K_1", 808.31, -125.0005, "B", "DIP", "+9V", "", "C", 55.118, 55.118, 27.56, 27.56, 0],
		[35, "10K_2", 1221.69, -125.0005, "T", "DIP", "$1N1492", "", "C", 55.118, 55.118, 27.56, 27.56, 0],
		[36, "10K_2", 1221.69, -125.0005, "B", "DIP", "$1N1492", "", "C", 55.118, 55.118, 27.56, 27.56, 0],
		[37, "10K_1", 1885, -123.31, "T", "DIP", "$1N1927", "", "C", 55.118, 55.118, 27.56, 27.56, 270],
		[38, "10K_1", 1885, -123.31, "B", "DIP", "$1N1927", "", "C", 55.118, 55.118, 27.56, 27.56, 270],
		[39, "10K_2", 1885, -536.69, "T", "DIP", "$1N2368", "", "C", 55.118, 55.118, 27.56, 27.56, 270],
		[40, "10K_2", 1885, -536.69, "B", "DIP", "$1N2368", "", "C", 55.118, 55.118, 27.56, 27.56, 270],
		[41, "10K_1", 1545, -1701.69, "T", "DIP", "+9V", "", "C", 55.118, 55.118, 27.56, 27.56, 90],
		[42, "10K_1", 1545, -1701.69, "B", "DIP", "+9V", "", "C", 55.118, 55.118, 27.56, 27.56, 90],
		[43, "10K_2", 1545, -1288.31, "T", "DIP", "$1N2339", "", "C", 55.118, 55.118, 27.56, 27.56, 90],
		[44, "10K_2", 1545, -1288.31, "B", "DIP", "$1N2339", "", "C", 55.118, 55.118, 27.56, 27.56, 90],
		[45, "10n_1", 871.6, -1390, "T", "DIP", "GND", "GND", "C", 70.866, 70.866, 31.496, 31.496, 0],
		[46, "10n_1", 871.6, -1390, "B", "DIP", "GND", "GND", "C", 70.866, 70.866, 31.496, 31.496, 0],
		[47, "10n_2", 1068.4, -1390, "T", "DIP", "$1N2522", "", "C", 70.866, 70.866, 31.496, 31.496, 0],
		[48, "10n_2", 1068.4, -1390, "B", "DIP", "$1N2522", "", "C", 70.866, 70.866, 31.496, 31.496, 0],
		[49, "15K_1", 1176.69, -1675, "T", "DIP", "$1N2918", "", "C", 55.118, 55.118, 27.56, 27.56, 180],
		[50, "15K_1", 1176.69, -1675, "B", "DIP", "$1N2918", "", "C", 55.118, 55.118, 27.56, 27.56, 180],
		[51, "15K_2", 763.31, -1675, "T", "DIP", "+9V", "", "C", 55.118, 55.118, 27.56, 27.56, 180],
		[52, "15K_2", 763.31, -1675, "B", "DIP", "+9V", "", "C", 55.118, 55.118, 27.56, 27.56, 180],
		[53, "22K_1", 725, -933.31, "T", "DIP", "$1N2518", "", "C", 55.118, 55.118, 27.56, 27.56, 270],
		[54, "22K_1", 725, -933.31, "B", "DIP", "$1N2518", "", "C", 55.118, 55.118, 27.56, 27.56, 270],
		[55, "22K_2", 725, -1346.69, "T", "DIP", "GND", "GND", "C", 55.118, 55.118, 27.56, 27.56, 270],
		[56, "22K_2", 725, -1346.69, "B", "DIP", "GND", "GND", "C", 55.118, 55.118, 27.56, 27.56, 270],
		[57, "39K_1", 120, -1346.69, "T", "DIP", "IN", "", "C", 55.118, 55.118, 27.56, 27.56, 90],
		[58, "39K_1", 120, -1346.69, "B", "DIP", "IN", "", "C", 55.118, 55.118, 27.56, 27.56, 90],
		[59, "39K_2", 120, -933.31, "T", "DIP", "$1N884", "", "C", 55.118, 55.118, 27.56, 27.56, 90],
		[60, "39K_2", 120, -933.31, "B", "DIP", "$1N884", "", "C", 55.118, 55.118, 27.56, 27.56, 90],
		[61, "39K_1", 1436.69, -1215, "T", "DIP", "$1N2339", "", "C", 55.118, 55.118, 27.56, 27.56, 180],
		[62, "39K_1", 1436.69, -1215, "B", "DIP", "$1N2339", "", "C", 55.118, 55.118, 27.56, 27.56, 180],
		[63, "39K_2", 1023.31, -1215, "T", "DIP", "$1N2522", "", "C", 55.118, 55.118, 27.56, 27.56, 180],
		[64, "39K_2", 1023.31, -1215, "B", "DIP", "$1N2522", "", "C", 55.118, 55.118, 27.56, 27.56, 180],
		[65, "47K_1", 280, -1346.69, "T", "DIP", "GND", "GND", "C", 55.118, 55.118, 27.56, 27.56, 90],
		[66, "47K_1", 280, -1346.69, "B", "DIP", "GND", "GND", "C", 55.118, 55.118, 27.56, 27.56, 90],
		[67, "47K_2", 280, -933.31, "T", "DIP", "$1N1005", "", "C", 55.118, 55.118, 27.56, 27.56, 90],
		[68, "47K_2", 280, -933.31, "B", "DIP", "$1N1005", "", "C", 55.118, 55.118, 27.56, 27.56, 90],
		[69, "100K_1", 955, -453.31, "T", "DIP", "GND", "GND", "C", 55.118, 55.118, 27.56, 27.56, 270],
		[70, "100K_1", 955, -453.31, "B", "DIP", "GND", "GND", "C", 55.118, 55.118, 27.56, 27.56, 270],
		[71, "100K_2", 955, -866.69, "T", "DIP", "$1N1602", "", "C", 55.118, 55.118, 27.56, 27.56, 270],
		[72, "100K_2", 955, -866.69, "B", "DIP", "$1N1602", "", "C", 55.118, 55.118, 27.56, 27.56, 270],
		[73, "100K_1", 1956.69, -1030, "T", "DIP", "GND", "GND", "C", 55.118, 55.118, 27.56, 27.56, 180],
		[74, "100K_1", 1956.69, -1030, "B", "DIP", "GND", "GND", "C", 55.118, 55.118, 27.56, 27.56, 180],
		[75, "100K_2", 1543.31, -1030, "T", "DIP", "$1N2368", "", "C", 55.118, 55.118, 27.56, 27.56, 180],
		[76, "100K_2", 1543.31, -1030, "B", "DIP", "$1N2368", "", "C", 55.118, 55.118, 27.56, 27.56, 180],
		[77, "100K_1", 1315, -2106.69, "T", "DIP", "GND", "GND", "C", 55.118, 55.118, 27.56, 27.56, 90],
		[78, "100K_1", 1315, -2106.69, "B", "DIP", "GND", "GND", "C", 55.118, 55.118, 27.56, 27.56, 90],
		[79, "100K_2", 1315, -1693.31, "T", "DIP", "$1N2880", "", "C", 55.118, 55.118, 27.56, 27.56, 90],
		[80, "100K_2", 1315, -1693.31, "B", "DIP", "$1N2880", "", "C", 55.118, 55.118, 27.56, 27.56, 90],
		[81, "100n_1", 916.6, -310, "T", "DIP", "$1N1299", "", "C", 70.866, 70.866, 31.496, 31.496, 0],
		[82, "100n_1", 916.6, -310, "B", "DIP", "$1N1299", "", "C", 70.866, 70.866, 31.496, 31.496, 0],
		[83, "100n_2", 1113.4, -310, "T", "DIP", "$1N1338", "", "C", 70.866, 70.866, 31.496, 31.496, 0],
		[84, "100n_2", 1113.4, -310, "B", "DIP", "$1N1338", "", "C", 70.866, 70.866, 31.496, 31.496, 0],
		[85, "100n_1", 1506.6, -125, "T", "DIP", "$1N1492", "", "C", 70.866, 70.866, 31.496, 31.496, 0],
		[86, "100n_1", 1506.6, -125, "B", "DIP", "$1N1492", "", "C", 70.866, 70.866, 31.496, 31.496, 0],
		[87, "100n_2", 1703.4, -125, "T", "DIP", "$1N1927", "", "C", 70.866, 70.866, 31.496, 31.496, 0],
		[88, "100n_2", 1703.4, -125, "B", "DIP", "$1N1927", "", "C", 70.866, 70.866, 31.496, 31.496, 0],
		[89, "100n_1", 1165, -1998.4, "T", "DIP", "$1N2600", "", "C", 70.866, 70.866, 31.496, 31.496, 90],
		[90, "100n_1", 1165, -1998.4, "B", "DIP", "$1N2600", "", "C", 70.866, 70.866, 31.496, 31.496, 90],
		[91, "100n_2", 1165, -1801.6, "T", "DIP", "$1N2880", "", "C", 70.866, 70.866, 31.496, 31.496, 90],
		[92, "100n_2", 1165, -1801.6, "B", "DIP", "$1N2880", "", "C", 70.866, 70.866, 31.496, 31.496, 90],
		[93, "100n_1", 1015, -1998.4, "T", "DIP", "$1N2934", "", "C", 70.866, 70.866, 31.496, 31.496, 90],
		[94, "100n_1", 1015, -1998.4, "B", "DIP", "$1N2934", "", "C", 70.866, 70.866, 31.496, 31.496, 90],
		[95, "100n_2", 1015, -1801.6, "T", "DIP", "$1N2918", "", "C", 70.866, 70.866, 31.496, 31.496, 90],
		[96, "100n_2", 1015, -1801.6, "B", "DIP", "$1N2918", "", "C", 70.866, 70.866, 31.496, 31.496, 90],
		[97, "100R_1", 435, -1346.69, "T", "DIP", "GND", "GND", "C", 55.118, 55.118, 27.56, 27.56, 90],
		[98, "100R_1", 435, -1346.69, "B", "DIP", "GND", "GND", "C", 55.118, 55.118, 27.56, 27.56, 90],
		[99, "100R_2", 435, -933.31, "T", "DIP", "$1N1107", "", "C", 55.118, 55.118, 27.56, 27.56, 90],
		[100, "100R_2", 435, -933.31, "B", "DIP", "$1N1107", "", "C", 55.118, 55.118, 27.56, 27.56, 90],
		[101, "150R_1", 805, -453.31, "T", "DIP", "GND", "GND", "C", 55.118, 55.118, 27.56, 27.56, 270],
		[102, "150R_1", 805, -453.31, "B", "DIP", "GND", "GND", "C", 55.118, 55.118, 27.56, 27.56, 270],
		[103, "150R_2", 805, -866.69, "T", "DIP", "$1N1414", "", "C", 55.118, 55.118, 27.56, 27.56, 270],
		[104, "150R_2", 805, -866.69, "B", "DIP", "$1N1414", "", "C", 55.118, 55.118, 27.56, 27.56, 270],
		[105, "150R_1", 1956.69, -880, "T", "DIP", "GND", "GND", "C", 55.118, 55.118, 27.56, 27.56, 180],
		[106, "150R_1", 1956.69, -880, "B", "DIP", "GND", "GND", "C", 55.118, 55.118, 27.56, 27.56, 180],
		[107, "150R_2", 1543.31, -880, "T", "DIP", "$1N2350", "", "C", 55.118, 55.118, 27.56, 27.56, 180],
		[108, "150R_2", 1543.31, -880, "B", "DIP", "$1N2350", "", "C", 55.118, 55.118, 27.56, 27.56, 180],
		[109, "430K_1", 1176.69, -1530, "T", "DIP", "$1N2880", "", "C", 55.118, 55.118, 27.56, 27.56, 180],
		[110, "430K_1", 1176.69, -1530, "B", "DIP", "$1N2880", "", "C", 55.118, 55.118, 27.56, 27.56, 180],
		[111, "430K_2", 763.31, -1530, "T", "DIP", "+9V", "", "C", 55.118, 55.118, 27.56, 27.56, 180],
		[112, "430K_2", 763.31, -1530, "B", "DIP", "+9V", "", "C", 55.118, 55.118, 27.56, 27.56, 180],
		[113, "470K_1", 228.31, -520, "T", "DIP", "$1N1005", "", "C", 55.118, 55.118, 27.56, 27.56, 0],
		[114, "470K_1", 228.31, -520, "B", "DIP", "$1N1005", "", "C", 55.118, 55.118, 27.56, 27.56, 0],
		[115, "470K_2", 641.69, -520, "T", "DIP", "$1N964", "", "C", 55.118, 55.118, 27.56, 27.56, 0],
		[116, "470K_2", 641.69, -520, "B", "DIP", "$1N964", "", "C", 55.118, 55.118, 27.56, 27.56, 0],
		[117, "470K_1", 1255, -866.69, "T", "DIP", "$1N1492", "", "C", 55.118, 55.118, 27.56, 27.56, 90],
		[118, "470K_1", 1255, -866.69, "B", "DIP", "$1N1492", "", "C", 55.118, 55.118, 27.56, 27.56, 90],
		[119, "470K_2", 1255, -453.31, "T", "DIP", "$1N1602", "", "C", 55.118, 55.118, 27.56, 27.56, 90],
		[120, "470K_2", 1255, -453.31, "B", "DIP", "$1N1602", "", "C", 55.118, 55.118, 27.56, 27.56, 90],
		[121, "470K_1", 1543.31, -1160, "T", "DIP", "$1N2339", "", "C", 55.118, 55.118, 27.56, 27.56, 0],
		[122, "470K_1", 1543.31, -1160, "B", "DIP", "$1N2339", "", "C", 55.118, 55.118, 27.56, 27.56, 0],
		[123, "470K_2", 1956.69, -1160, "T", "DIP", "$1N2368", "", "C", 55.118, 55.118, 27.56, 27.56, 0],
		[124, "470K_2", 1956.69, -1160, "B", "DIP", "$1N2368", "", "C", 55.118, 55.118, 27.56, 27.56, 0],
		[125, "470p_1", 326.6, -330, "T", "DIP", "$1N1005", "", "C", 70.866, 70.866, 31.496, 31.496, 0],
		[126, "470p_1", 326.6, -330, "B", "DIP", "$1N1005", "", "C", 70.866, 70.866, 31.496, 31.496, 0],
		[127, "470p_2", 523.4, -330, "T", "DIP", "$1N964", "", "C", 70.866, 70.866, 31.496, 31.496, 0],
		[128, "470p_2", 523.4, -330, "B", "DIP", "$1N964", "", "C", 70.866, 70.866, 31.496, 31.496, 0],
		[129, "470p_1", 1415, -561.6, "T", "DIP", "$1N1602", "", "C", 70.866, 70.866, 31.496, 31.496, 270],
		[130, "470p_1", 1415, -561.6, "B", "DIP", "$1N1602", "", "C", 70.866, 70.866, 31.496, 31.496, 270],
		[131, "470p_2", 1415, -758.4, "T", "DIP", "$1N1492", "", "C", 70.866, 70.866, 31.496, 31.496, 270],
		[132, "470p_2", 1415, -758.4, "B", "DIP", "$1N1492", "", "C", 70.866, 70.866, 31.496, 31.496, 270],
		[133, "470p_1", 1848.4, -1305, "T", "DIP", "$1N2368", "", "C", 70.866, 70.866, 31.496, 31.496, 180],
		[134, "470p_1", 1848.4, -1305, "B", "DIP", "$1N2368", "", "C", 70.866, 70.866, 31.496, 31.496, 180],
		[135, "470p_2", 1651.6, -1305, "T", "DIP", "$1N2339", "", "C", 70.866, 70.866, 31.496, 31.496, 180],
		[136, "470p_2", 1651.6, -1305, "B", "DIP", "$1N2339", "", "C", 70.866, 70.866, 31.496, 31.496, 180],
		[137, "C6_1", 1334.37, -305, "T", "DIP", "$1N1837", "", "C", 43.307, 43.307, 27.56, 27.56, 180],
		[138, "C6_1", 1334.37, -305, "B", "DIP", "$1N1837", "", "C", 43.307, 43.307, 27.56, 27.56, 180],
		[139, "C6_2", 1255.63, -305, "T", "DIP", "$1N1602", "", "C", 43.307, 43.307, 27.56, 27.56, 180],
		[140, "C6_2", 1255.63, -305, "B", "DIP", "$1N1602", "", "C", 43.307, 43.307, 27.56, 27.56, 180],
		[141, "D_1", 1767.48, -435, "T", "DIP", "$1N1492", "", "C", 55.118, 55.118, 31.496, 31.496, 180],
		[142, "D_1", 1767.48, -435, "B", "DIP", "$1N1492", "", "C", 55.118, 55.118, 31.496, 31.496, 180],
		[143, "D_2", 1452.52, -435, "T", "DIP", "$1N1837", "", "C", 55.118, 55.118, 31.496, 31.496, 180],
		[144, "D_2", 1452.52, -435, "B", "DIP", "$1N1837", "", "C", 55.118, 55.118, 31.496, 31.496, 180],
		[145, "D1_1", 1452.52, -295, "T", "DIP", "$1N1837", "", "C", 55.118, 55.118, 31.496, 31.496, 0],
		[146, "D1_1", 1452.52, -295, "B", "DIP", "$1N1837", "", "C", 55.118, 55.118, 31.496, 31.496, 0],
		[147, "D1_2", 1767.48, -295, "T", "DIP", "$1N1492", "", "C", 55.118, 55.118, 31.496, 31.496, 0],
		[148, "D1_2", 1767.48, -295, "B", "DIP", "$1N1492", "", "C", 55.118, 55.118, 31.496, 31.496, 0],
		[149, "D2_1", 1637.52, -1515, "T", "DIP", "$1N2339", "", "C", 55.118, 55.118, 31.496, 31.496, 0],
		[150, "D2_1", 1637.52, -1515, "B", "DIP", "$1N2339", "", "C", 55.118, 55.118, 31.496, 31.496, 0],
		[151, "D2_2", 1952.48, -1515, "T", "DIP", "$1N2336", "", "C", 55.118, 55.118, 31.496, 31.496, 0],
		[152, "D2_2", 1952.48, -1515, "B", "DIP", "$1N2336", "", "C", 55.118, 55.118, 31.496, 31.496, 0],
		[153, "D3_1", 1952.48, -1650, "T", "DIP", "$1N2336", "", "C", 55.118, 55.118, 31.496, 31.496, 180],
		[154, "D3_1", 1952.48, -1650, "B", "DIP", "$1N2336", "", "C", 55.118, 55.118, 31.496, 31.496, 180],
		[155, "D3_2", 1637.52, -1650, "T", "DIP", "$1N2339", "", "C", 55.118, 55.118, 31.496, 31.496, 180],
		[156, "D3_2", 1637.52, -1650, "B", "DIP", "$1N2339", "", "C", 55.118, 55.118, 31.496, 31.496, 180],
		[157, "NPN_1", 570, -760, "T", "DIP", "$1N1107", "", "R", 35.433, 62.992, 29.528, 29.528, 90],
		[158, "NPN_1", 570, -760, "B", "DIP", "$1N1107", "", "R", 35.433, 62.992, 29.528, 29.528, 90],
		[159, "NPN_2", 570, -710, "T", "DIP", "$1N1005", "", "O", 35.433, 62.992, 29.528, 29.528, 90],
		[160, "NPN_2", 570, -710, "B", "DIP", "$1N1005", "", "O", 35.433, 62.992, 29.528, 29.528, 90],
		[161, "NPN_3", 570, -660, "T", "DIP", "$1N964", "", "O", 35.433, 62.992, 29.528, 29.528, 90],
		[162, "NPN_3", 570, -660, "B", "DIP", "$1N964", "", "O", 35.433, 62.992, 29.528, 29.528, 90],
		[163, "NPN1_1", 1090, -1035, "T", "DIP", "$1N1414", "", "R", 35.433, 62.992, 29.528, 29.528, 0],
		[164, "NPN1_1", 1090, -1035, "B", "DIP", "$1N1414", "", "R", 35.433, 62.992, 29.528, 29.528, 0],
		[165, "NPN1_2", 1140, -1035, "T", "DIP", "$1N1602", "", "O", 35.433, 62.992, 29.528, 29.528, 0],
		[166, "NPN1_2", 1140, -1035, "B", "DIP", "$1N1602", "", "O", 35.433, 62.992, 29.528, 29.528, 0],
		[167, "NPN1_3", 1190, -1035, "T", "DIP", "$1N1492", "", "O", 35.433, 62.992, 29.528, 29.528, 0],
		[168, "NPN1_3", 1190, -1035, "B", "DIP", "$1N1492", "", "O", 35.433, 62.992, 29.528, 29.528, 0],
		[169, "NPN2_1", 1380, -1540, "T", "DIP", "$1N2913", "", "R", 35.433, 62.992, 29.528, 29.528, 180],
		[170, "NPN2_1", 1380, -1540, "B", "DIP", "$1N2913", "", "R", 35.433, 62.992, 29.528, 29.528, 180],
		[171, "NPN2_2", 1330, -1540, "T", "DIP", "$1N2880", "", "O", 35.433, 62.992, 29.528, 29.528, 180],
		[172, "NPN2_2", 1330, -1540, "B", "DIP", "$1N2880", "", "O", 35.433, 62.992, 29.528, 29.528, 180],
		[173, "NPN2_3", 1280, -1540, "T", "DIP", "$1N2918", "", "O", 35.433, 62.992, 29.528, 29.528, 180],
		[174, "NPN2_3", 1280, -1540, "B", "DIP", "$1N2918", "", "O", 35.433, 62.992, 29.528, 29.528, 180],
		[175, "NPN3_1", 1370, -985, "T", "DIP", "$1N2350", "", "R", 35.433, 62.992, 29.528, 29.528, 270],
		[176, "NPN3_1", 1370, -985, "B", "DIP", "$1N2350", "", "R", 35.433, 62.992, 29.528, 29.528, 270],
		[177, "NPN3_2", 1370, -1035, "T", "DIP", "$1N2368", "", "O", 35.433, 62.992, 29.528, 29.528, 270],
		[178, "NPN3_2", 1370, -1035, "B", "DIP", "$1N2368", "", "O", 35.433, 62.992, 29.528, 29.528, 270],
		[179, "NPN3_3", 1370, -1085, "T", "DIP", "$1N2339", "", "O", 35.433, 62.992, 29.528, 29.528, 270],
		[180, "NPN3_3", 1370, -1085, "B", "DIP", "$1N2339", "", "O", 35.433, 62.992, 29.528, 29.528, 270],
		[181, "PAD1_1", 115, -593.8816, "T", "DIP", "+9V", "", "C", 60, 60, 36, 36, 0],
		[182, "PAD1_1", 115, -593.8816, "B", "DIP", "+9V", "", "C", 60, 60, 36, 36, 0],
		[183, "PAD2_2", 115, -712.9367, "T", "DIP", "+9V", "", "C", 60, 60, 36, 36, 0],
		[184, "PAD2_2", 115, -712.9367, "B", "DIP", "+9V", "", "C", 60, 60, 36, 36, 0],
		[185, "PAD3_3", 115, -831.9919, "T", "DIP", "+9V", "", "C", 60, 60, 36, 36, 0],
		[186, "PAD3_3", 115, -831.9919, "B", "DIP", "+9V", "", "C", 60, 60, 36, 36, 0],
		[187, "PAD4_1", 590.1016, -2110, "T", "DIP", "GND", "GND", "C", 60, 60, 36, 36, 0],
		[188, "PAD4_1", 590.1016, -2110, "B", "DIP", "GND", "GND", "C", 60, 60, 36, 36, 0],
		[189, "PAD5_2", 668.8418, -2110, "T", "DIP", "GND", "GND", "C", 60, 60, 36, 36, 0],
		[190, "PAD5_2", 668.8418, -2110, "B", "DIP", "GND", "GND", "C", 60, 60, 36, 36, 0],
		[191, "PAD6_3", 747.5819, -2110, "T", "DIP", "GND", "GND", "C", 60, 60, 36, 36, 0],
		[192, "PAD6_3", 747.5819, -2110, "B", "DIP", "GND", "GND", "C", 60, 60, 36, 36, 0],
		[193, "PAD7_4", 511.3615, -2110, "T", "DIP", "GND", "GND", "C", 60, 60, 36, 36, 0],
		[194, "PAD7_4", 511.3615, -2110, "B", "DIP", "GND", "GND", "C", 60, 60, 36, 36, 0],
		[195, "PAD8_5", 432.6213, -2110, "T", "DIP", "GND", "GND", "C", 60, 60, 36, 36, 0],
		[196, "PAD8_5", 432.6213, -2110, "B", "DIP", "GND", "GND", "C", 60, 60, 36, 36, 0],
		[197, "PAD9_1", 326.6, -330, "T", "DIP", "$1N1005", "", "C", 70.866, 70.866, 31.496, 31.496, 0],
		[198, "PAD9_1", 326.6, -330, "B", "DIP", "$1N1005", "", "C", 70.866, 70.866, 31.496, 31.496, 0],
		[199, "PAD10_2", 523.4, -330, "T", "DIP", "$1N964", "", "C", 70.866, 70.866, 31.496, 31.496, 0],
		[200, "PAD10_2", 523.4, -330, "B", "DIP", "$1N964", "", "C", 70.866, 70.866, 31.496, 31.496, 0],
		[201, "PAD11_1", 331.6, -125, "T", "DIP", "$1N964", "", "C", 70.866, 70.866, 31.496, 31.496, 0],
		[202, "PAD11_1", 331.6, -125, "B", "DIP", "$1N964", "", "C", 70.866, 70.866, 31.496, 31.496, 0],
		[203, "PAD12_2", 528.4, -125, "T", "DIP", "$1N1163", "", "C", 70.866, 70.866, 31.496, 31.496, 0],
		[204, "PAD12_2", 528.4, -125, "B", "DIP", "$1N1163", "", "C", 70.866, 70.866, 31.496, 31.496, 0],
		[205, "PAD13_1", 916.6, -310, "T", "DIP", "$1N1299", "", "C", 70.866, 70.866, 31.496, 31.496, 0],
		[206, "PAD13_1", 916.6, -310, "B", "DIP", "$1N1299", "", "C", 70.866, 70.866, 31.496, 31.496, 0],
		[207, "PAD14_2", 1113.4, -310, "T", "DIP", "$1N1338", "", "C", 70.866, 70.866, 31.496, 31.496, 0],
		[208, "PAD14_2", 1113.4, -310, "B", "DIP", "$1N1338", "", "C", 70.866, 70.866, 31.496, 31.496, 0],
		[209, "PAD15_2", 275.63, -710, "T", "DIP", "$1N884", "", "C", 43.307, 43.307, 27.56, 27.56, 180],
		[210, "PAD15_2", 275.63, -710, "B", "DIP", "$1N884", "", "C", 43.307, 43.307, 27.56, 27.56, 180],
		[211, "PAD16_1", 354.37, -710, "T", "DIP", "$1N1005", "", "C", 43.307, 43.307, 27.56, 27.56, 180],
		[212, "PAD16_1", 354.37, -710, "B", "DIP", "$1N1005", "", "C", 43.307, 43.307, 27.56, 27.56, 180],
		[213, "PAD17_2", 1255.63, -305, "T", "DIP", "$1N1602", "", "C", 43.307, 43.307, 27.56, 27.56, 180],
		[214, "PAD17_2", 1255.63, -305, "B", "DIP", "$1N1602", "", "C", 43.307, 43.307, 27.56, 27.56, 180],
		[215, "PAD18_1", 1334.37, -305, "T", "DIP", "$1N1837", "", "C", 43.307, 43.307, 27.56, 27.56, 180],
		[216, "PAD18_1", 1334.37, -305, "B", "DIP", "$1N1837", "", "C", 43.307, 43.307, 27.56, 27.56, 180],
		[217, "PAD19_1", 1506.6, -125, "T", "DIP", "$1N1492", "", "C", 70.866, 70.866, 31.496, 31.496, 0],
		[218, "PAD19_1", 1506.6, -125, "B", "DIP", "$1N1492", "", "C", 70.866, 70.866, 31.496, 31.496, 0],
		[219, "PAD20_2", 1703.4, -125, "T", "DIP", "$1N1927", "", "C", 70.866, 70.866, 31.496, 31.496, 0],
		[220, "PAD20_2", 1703.4, -125, "B", "DIP", "$1N1927", "", "C", 70.866, 70.866, 31.496, 31.496, 0],
		[221, "PAD21_2", 2030, -1305.63, "T", "DIP", "$1N2368", "", "C", 43.307, 43.307, 27.56, 27.56, 90],
		[222, "PAD21_2", 2030, -1305.63, "B", "DIP", "$1N2368", "", "C", 43.307, 43.307, 27.56, 27.56, 90],
		[223, "PAD22_1", 2030, -1384.37, "T", "DIP", "$1N2336", "", "C", 43.307, 43.307, 27.56, 27.56, 90],
		[224, "PAD22_1", 2030, -1384.37, "B", "DIP", "$1N2336", "", "C", 43.307, 43.307, 27.56, 27.56, 90],
		[225, "PAD23_1", 885, -1041.6, "T", "DIP", "$1N2339", "", "C", 70.866, 70.866, 31.496, 31.496, 270],
		[226, "PAD23_1", 885, -1041.6, "B", "DIP", "$1N2339", "", "C", 70.866, 70.866, 31.496, 31.496, 270],
		[227, "PAD24_2", 885, -1238.4, "T", "DIP", "$1N2518", "", "C", 70.866, 70.866, 31.496, 31.496, 270],
		[228, "PAD24_2", 885, -1238.4, "B", "DIP", "$1N2518", "", "C", 70.866, 70.866, 31.496, 31.496, 270],
		[229, "PAD25_1", 871.6, -1390, "T", "DIP", "GND", "GND", "C", 70.866, 70.866, 31.496, 31.496, 0],
		[230, "PAD25_1", 871.6, -1390, "B", "DIP", "GND", "GND", "C", 70.866, 70.866, 31.496, 31.496, 0],
		[231, "PAD26_2", 1068.4, -1390, "T", "DIP", "$1N2522", "", "C", 70.866, 70.866, 31.496, 31.496, 0],
		[232, "PAD26_2", 1068.4, -1390, "B", "DIP", "$1N2522", "", "C", 70.866, 70.866, 31.496, 31.496, 0],
		[233, "PAD27_1", 1165, -1998.4, "T", "DIP", "$1N2600", "", "C", 70.866, 70.866, 31.496, 31.496, 90],
		[234, "PAD27_1", 1165, -1998.4, "B", "DIP", "$1N2600", "", "C", 70.866, 70.866, 31.496, 31.496, 90],
		[235, "PAD28_2", 1165, -1801.6, "T", "DIP", "$1N2880", "", "C", 70.866, 70.866, 31.496, 31.496, 90],
		[236, "PAD28_2", 1165, -1801.6, "B", "DIP", "$1N2880", "", "C", 70.866, 70.866, 31.496, 31.496, 90],
		[237, "PAD29_1", 1015, -1998.4, "T", "DIP", "$1N2934", "", "C", 70.866, 70.866, 31.496, 31.496, 90],
		[238, "PAD29_1", 1015, -1998.4, "B", "DIP", "$1N2934", "", "C", 70.866, 70.866, 31.496, 31.496, 90],
		[239, "PAD30_2", 1015, -1801.6, "T", "DIP", "$1N2918", "", "C", 70.866, 70.866, 31.496, 31.496, 90],
		[240, "PAD30_2", 1015, -1801.6, "B", "DIP", "$1N2918", "", "C", 70.866, 70.866, 31.496, 31.496, 90],
		[241, "PAD31_1", 1415, -561.6, "T", "DIP", "$1N1602", "", "C", 70.866, 70.866, 31.496, 31.496, 270],
		[242, "PAD31_1", 1415, -561.6, "B", "DIP", "$1N1602", "", "C", 70.866, 70.866, 31.496, 31.496, 270],
		[243, "PAD32_2", 1415, -758.4, "T", "DIP", "$1N1492", "", "C", 70.866, 70.866, 31.496, 31.496, 270],
		[244, "PAD32_2", 1415, -758.4, "B", "DIP", "$1N1492", "", "C", 70.866, 70.866, 31.496, 31.496, 270],
		[245, "PAD33_1", 1848.4, -1305, "T", "DIP", "$1N2368", "", "C", 70.866, 70.866, 31.496, 31.496, 180],
		[246, "PAD33_1", 1848.4, -1305, "B", "DIP", "$1N2368", "", "C", 70.866, 70.866, 31.496, 31.496, 180],
		[247, "PAD34_2", 1651.6, -1305, "T", "DIP", "$1N2339", "", "C", 70.866, 70.866, 31.496, 31.496, 180],
		[248, "PAD34_2", 1651.6, -1305, "B", "DIP", "$1N2339", "", "C", 70.866, 70.866, 31.496, 31.496, 180],
		[249, "PAD35_2", 1452.52, -435, "T", "DIP", "$1N1837", "", "C", 55.118, 55.118, 31.496, 31.496, 180],
		[250, "PAD35_2", 1452.52, -435, "B", "DIP", "$1N1837", "", "C", 55.118, 55.118, 31.496, 31.496, 180],
		[251, "PAD36_1", 1767.48, -435, "T", "DIP", "$1N1492", "", "C", 55.118, 55.118, 31.496, 31.496, 180],
		[252, "PAD36_1", 1767.48, -435, "B", "DIP", "$1N1492", "", "C", 55.118, 55.118, 31.496, 31.496, 180],
		[253, "PAD37_2", 1767.48, -295, "T", "DIP", "$1N1492", "", "C", 55.118, 55.118, 31.496, 31.496, 0],
		[254, "PAD37_2", 1767.48, -295, "B", "DIP", "$1N1492", "", "C", 55.118, 55.118, 31.496, 31.496, 0],
		[255, "PAD38_1", 1452.52, -295, "T", "DIP", "$1N1837", "", "C", 55.118, 55.118, 31.496, 31.496, 0],
		[256, "PAD38_1", 1452.52, -295, "B", "DIP", "$1N1837", "", "C", 55.118, 55.118, 31.496, 31.496, 0],
		[257, "PAD39_2", 1952.48, -1515, "T", "DIP", "$1N2336", "", "C", 55.118, 55.118, 31.496, 31.496, 0],
		[258, "PAD39_2", 1952.48, -1515, "B", "DIP", "$1N2336", "", "C", 55.118, 55.118, 31.496, 31.496, 0],
		[259, "PAD40_1", 1637.52, -1515, "T", "DIP", "$1N2339", "", "C", 55.118, 55.118, 31.496, 31.496, 0],
		[260, "PAD40_1", 1637.52, -1515, "B", "DIP", "$1N2339", "", "C", 55.118, 55.118, 31.496, 31.496, 0],
		[261, "PAD41_2", 1637.52, -1650, "T", "DIP", "$1N2339", "", "C", 55.118, 55.118, 31.496, 31.496, 180],
		[262, "PAD41_2", 1637.52, -1650, "B", "DIP", "$1N2339", "", "C", 55.118, 55.118, 31.496, 31.496, 180],
		[263, "PAD42_1", 1952.48, -1650, "T", "DIP", "$1N2336", "", "C", 55.118, 55.118, 31.496, 31.496, 180],
		[264, "PAD42_1", 1952.48, -1650, "B", "DIP", "$1N2336", "", "C", 55.118, 55.118, 31.496, 31.496, 180],
		[265, "PAD43_3", 570, -660, "T", "DIP", "$1N964", "", "O", 35.433, 62.992, 29.528, 29.528, 90],
		[266, "PAD43_3", 570, -660, "B", "DIP", "$1N964", "", "O", 35.433, 62.992, 29.528, 29.528, 90],
		[267, "PAD44_2", 570, -710, "T", "DIP", "$1N1005", "", "O", 35.433, 62.992, 29.528, 29.528, 90],
		[268, "PAD44_2", 570, -710, "B", "DIP", "$1N1005", "", "O", 35.433, 62.992, 29.528, 29.528, 90],
		[269, "PAD45_1", 570, -760, "T", "DIP", "$1N1107", "", "R", 35.433, 62.992, 29.528, 29.528, 90],
		[270, "PAD45_1", 570, -760, "B", "DIP", "$1N1107", "", "R", 35.433, 62.992, 29.528, 29.528, 90],
		[271, "PAD46_3", 1190, -1035, "T", "DIP", "$1N1492", "", "O", 35.433, 62.992, 29.528, 29.528, 0],
		[272, "PAD46_3", 1190, -1035, "B", "DIP", "$1N1492", "", "O", 35.433, 62.992, 29.528, 29.528, 0],
		[273, "PAD47_2", 1140, -1035, "T", "DIP", "$1N1602", "", "O", 35.433, 62.992, 29.528, 29.528, 0],
		[274, "PAD47_2", 1140, -1035, "B", "DIP", "$1N1602", "", "O", 35.433, 62.992, 29.528, 29.528, 0],
		[275, "PAD48_1", 1090, -1035, "T", "DIP", "$1N1414", "", "R", 35.433, 62.992, 29.528, 29.528, 0],
		[276, "PAD48_1", 1090, -1035, "B", "DIP", "$1N1414", "", "R", 35.433, 62.992, 29.528, 29.528, 0],
		[277, "PAD49_3", 1280, -1540, "T", "DIP", "$1N2918", "", "O", 35.433, 62.992, 29.528, 29.528, 180],
		[278, "PAD49_3", 1280, -1540, "B", "DIP", "$1N2918", "", "O", 35.433, 62.992, 29.528, 29.528, 180],
		[279, "PAD50_2", 1330, -1540, "T", "DIP", "$1N2880", "", "O", 35.433, 62.992, 29.528, 29.528, 180],
		[280, "PAD50_2", 1330, -1540, "B", "DIP", "$1N2880", "", "O", 35.433, 62.992, 29.528, 29.528, 180],
		[281, "PAD51_1", 1380, -1540, "T", "DIP", "$1N2913", "", "R", 35.433, 62.992, 29.528, 29.528, 180],
		[282, "PAD51_1", 1380, -1540, "B", "DIP", "$1N2913", "", "R", 35.433, 62.992, 29.528, 29.528, 180],
		[283, "PAD52_3", 1370, -1085, "T", "DIP", "$1N2339", "", "O", 35.433, 62.992, 29.528, 29.528, 270],
		[284, "PAD52_3", 1370, -1085, "B", "DIP", "$1N2339", "", "O", 35.433, 62.992, 29.528, 29.528, 270],
		[285, "PAD53_2", 1370, -1035, "T", "DIP", "$1N2368", "", "O", 35.433, 62.992, 29.528, 29.528, 270],
		[286, "PAD53_2", 1370, -1035, "B", "DIP", "$1N2368", "", "O", 35.433, 62.992, 29.528, 29.528, 270],
		[287, "PAD54_1", 1370, -985, "T", "DIP", "$1N2350", "", "R", 35.433, 62.992, 29.528, 29.528, 270],
		[288, "PAD54_1", 1370, -985, "B", "DIP", "$1N2350", "", "R", 35.433, 62.992, 29.528, 29.528, 270],
		[289, "PAD55_1", 120, -1346.69, "T", "DIP", "IN", "", "C", 55.118, 55.118, 27.56, 27.56, 90],
		[290, "PAD55_1", 120, -1346.69, "B", "DIP", "IN", "", "C", 55.118, 55.118, 27.56, 27.56, 90],
		[291, "PAD56_2", 120, -933.31, "T", "DIP", "$1N884", "", "C", 55.118, 55.118, 27.56, 27.56, 90],
		[292, "PAD56_2", 120, -933.31, "B", "DIP", "$1N884", "", "C", 55.118, 55.118, 27.56, 27.56, 90],
		[293, "PAD57_1", 228.31, -520, "T", "DIP", "$1N1005", "", "C", 55.118, 55.118, 27.56, 27.56, 0],
		[294, "PAD57_1", 228.31, -520, "B", "DIP", "$1N1005", "", "C", 55.118, 55.118, 27.56, 27.56, 0],
		[295, "PAD58_2", 641.69, -520, "T", "DIP", "$1N964", "", "C", 55.118, 55.118, 27.56, 27.56, 0],
		[296, "PAD58_2", 641.69, -520, "B", "DIP", "$1N964", "", "C", 55.118, 55.118, 27.56, 27.56, 0],
		[297, "PAD59_1", 115, -78.31, "T", "DIP", "$1N964", "", "C", 55.118, 55.118, 27.56, 27.56, 270],
		[298, "PAD59_1", 115, -78.31, "B", "DIP", "$1N964", "", "C", 55.118, 55.118, 27.56, 27.56, 270],
		[299, "PAD60_2", 115, -491.69, "T", "DIP", "+9V", "", "C", 55.118, 55.118, 27.56, 27.56, 270],
		[300, "PAD60_2", 115, -491.69, "B", "DIP", "+9V", "", "C", 55.118, 55.118, 27.56, 27.56, 270],
		[301, "PAD61_1", 435, -1346.69, "T", "DIP", "GND", "GND", "C", 55.118, 55.118, 27.56, 27.56, 90],
		[302, "PAD61_1", 435, -1346.69, "B", "DIP", "GND", "GND", "C", 55.118, 55.118, 27.56, 27.56, 90],
		[303, "PAD62_2", 435, -933.31, "T", "DIP", "$1N1107", "", "C", 55.118, 55.118, 27.56, 27.56, 90],
		[304, "PAD62_2", 435, -933.31, "B", "DIP", "$1N1107", "", "C", 55.118, 55.118, 27.56, 27.56, 90],
		[305, "PAD63_1", 580, -1346.69, "T", "DIP", "GND", "GND", "C", 55.118, 55.118, 27.56, 27.56, 90],
		[306, "PAD63_1", 580, -1346.69, "B", "DIP", "GND", "GND", "C", 55.118, 55.118, 27.56, 27.56, 90],
		[307, "PAD64_2", 580, -933.31, "T", "DIP", "$1N1261", "", "C", 55.118, 55.118, 27.56, 27.56, 90],
		[308, "PAD64_2", 580, -933.31, "B", "DIP", "$1N1261", "", "C", 55.118, 55.118, 27.56, 27.56, 90],
		[309, "PAD65_1", 1110, -453.31, "T", "DIP", "$1N1338", "", "C", 55.118, 55.118, 27.56, 27.56, 270],
		[310, "PAD65_1", 1110, -453.31, "B", "DIP", "$1N1338", "", "C", 55.118, 55.118, 27.56, 27.56, 270],
		[311, "PAD66_2", 1110, -866.69, "T", "DIP", "$1N1602", "", "C", 55.118, 55.118, 27.56, 27.56, 270],
		[312, "PAD66_2", 1110, -866.69, "B", "DIP", "$1N1602", "", "C", 55.118, 55.118, 27.56, 27.56, 270],
		[313, "PAD67_1", 955, -453.31, "T", "DIP", "GND", "GND", "C", 55.118, 55.118, 27.56, 27.56, 270],
		[314, "PAD67_1", 955, -453.31, "B", "DIP", "GND", "GND", "C", 55.118, 55.118, 27.56, 27.56, 270],
		[315, "PAD68_2", 955, -866.69, "T", "DIP", "$1N1602", "", "C", 55.118, 55.118, 27.56, 27.56, 270],
		[316, "PAD68_2", 955, -866.69, "B", "DIP", "$1N1602", "", "C", 55.118, 55.118, 27.56, 27.56, 270],
		[317, "PAD69_1", 805, -453.31, "T", "DIP", "GND", "GND", "C", 55.118, 55.118, 27.56, 27.56, 270],
		[318, "PAD69_1", 805, -453.31, "B", "DIP", "GND", "GND", "C", 55.118, 55.118, 27.56, 27.56, 270],
		[319, "PAD70_2", 805, -866.69, "T", "DIP", "$1N1414", "", "C", 55.118, 55.118, 27.56, 27.56, 270],
		[320, "PAD70_2", 805, -866.69, "B", "DIP", "$1N1414", "", "C", 55.118, 55.118, 27.56, 27.56, 270],
		[321, "PAD71_1", 1255, -866.69, "T", "DIP", "$1N1492", "", "C", 55.118, 55.118, 27.56, 27.56, 90],
		[322, "PAD71_1", 1255, -866.69, "B", "DIP", "$1N1492", "", "C", 55.118, 55.118, 27.56, 27.56, 90],
		[323, "PAD72_2", 1255, -453.31, "T", "DIP", "$1N1602", "", "C", 55.118, 55.118, 27.56, 27.56, 90],
		[324, "PAD72_2", 1255, -453.31, "B", "DIP", "$1N1602", "", "C", 55.118, 55.118, 27.56, 27.56, 90],
		[325, "PAD73_1", 808.31, -125.0005, "T", "DIP", "+9V", "", "C", 55.118, 55.118, 27.56, 27.56, 0],
		[326, "PAD73_1", 808.31, -125.0005, "B", "DIP", "+9V", "", "C", 55.118, 55.118, 27.56, 27.56, 0],
		[327, "PAD74_2", 1221.69, -125.0005, "T", "DIP", "$1N1492", "", "C", 55.118, 55.118, 27.56, 27.56, 0],
		[328, "PAD74_2", 1221.69, -125.0005, "B", "DIP", "$1N1492", "", "C", 55.118, 55.118, 27.56, 27.56, 0],
		[329, "PAD75_1", 1885, -123.31, "T", "DIP", "$1N1927", "", "C", 55.118, 55.118, 27.56, 27.56, 270],
		[330, "PAD75_1", 1885, -123.31, "B", "DIP", "$1N1927", "", "C", 55.118, 55.118, 27.56, 27.56, 270],
		[331, "PAD76_2", 1885, -536.69, "T", "DIP", "$1N2368", "", "C", 55.118, 55.118, 27.56, 27.56, 270],
		[332, "PAD76_2", 1885, -536.69, "B", "DIP", "$1N2368", "", "C", 55.118, 55.118, 27.56, 27.56, 270],
		[333, "PAD77_1", 1956.69, -1030, "T", "DIP", "GND", "GND", "C", 55.118, 55.118, 27.56, 27.56, 180],
		[334, "PAD77_1", 1956.69, -1030, "B", "DIP", "GND", "GND", "C", 55.118, 55.118, 27.56, 27.56, 180],
		[335, "PAD78_2", 1543.31, -1030, "T", "DIP", "$1N2368", "", "C", 55.118, 55.118, 27.56, 27.56, 180],
		[336, "PAD78_2", 1543.31, -1030, "B", "DIP", "$1N2368", "", "C", 55.118, 55.118, 27.56, 27.56, 180],
		[337, "PAD79_1", 1956.69, -880, "T", "DIP", "GND", "GND", "C", 55.118, 55.118, 27.56, 27.56, 180],
		[338, "PAD79_1", 1956.69, -880, "B", "DIP", "GND", "GND", "C", 55.118, 55.118, 27.56, 27.56, 180],
		[339, "PAD80_2", 1543.31, -880, "T", "DIP", "$1N2350", "", "C", 55.118, 55.118, 27.56, 27.56, 180],
		[340, "PAD80_2", 1543.31, -880, "B", "DIP", "$1N2350", "", "C", 55.118, 55.118, 27.56, 27.56, 180],
		[341, "PAD81_1", 1543.31, -1160, "T", "DIP", "$1N2339", "", "C", 55.118, 55.118, 27.56, 27.56, 0],
		[342, "PAD81_1", 1543.31, -1160, "B", "DIP", "$1N2339", "", "C", 55.118, 55.118, 27.56, 27.56, 0],
		[343, "PAD82_2", 1956.69, -1160, "T", "DIP", "$1N2368", "", "C", 55.118, 55.118, 27.56, 27.56, 0],
		[344, "PAD82_2", 1956.69, -1160, "B", "DIP", "$1N2368", "", "C", 55.118, 55.118, 27.56, 27.56, 0],
		[345, "PAD83_1", 1545, -1701.69, "T", "DIP", "+9V", "", "C", 55.118, 55.118, 27.56, 27.56, 90],
		[346, "PAD83_1", 1545, -1701.69, "B", "DIP", "+9V", "", "C", 55.118, 55.118, 27.56, 27.56, 90],
		[347, "PAD84_2", 1545, -1288.31, "T", "DIP", "$1N2339", "", "C", 55.118, 55.118, 27.56, 27.56, 90],
		[348, "PAD84_2", 1545, -1288.31, "B", "DIP", "$1N2339", "", "C", 55.118, 55.118, 27.56, 27.56, 90],
		[349, "PAD85_1", 1436.69, -1215, "T", "DIP", "$1N2339", "", "C", 55.118, 55.118, 27.56, 27.56, 180],
		[350, "PAD85_1", 1436.69, -1215, "B", "DIP", "$1N2339", "", "C", 55.118, 55.118, 27.56, 27.56, 180],
		[351, "PAD86_2", 1023.31, -1215, "T", "DIP", "$1N2522", "", "C", 55.118, 55.118, 27.56, 27.56, 180],
		[352, "PAD86_2", 1023.31, -1215, "B", "DIP", "$1N2522", "", "C", 55.118, 55.118, 27.56, 27.56, 180],
		[353, "PAD87_1", 725, -933.31, "T", "DIP", "$1N2518", "", "C", 55.118, 55.118, 27.56, 27.56, 270],
		[354, "PAD87_1", 725, -933.31, "B", "DIP", "$1N2518", "", "C", 55.118, 55.118, 27.56, 27.56, 270],
		[355, "PAD88_2", 725, -1346.69, "T", "DIP", "GND", "GND", "C", 55.118, 55.118, 27.56, 27.56, 270],
		[356, "PAD88_2", 725, -1346.69, "B", "DIP", "GND", "GND", "C", 55.118, 55.118, 27.56, 27.56, 270],
		[357, "PAD89_1", 1176.69, -1530, "T", "DIP", "$1N2880", "", "C", 55.118, 55.118, 27.56, 27.56, 180],
		[358, "PAD89_1", 1176.69, -1530, "B", "DIP", "$1N2880", "", "C", 55.118, 55.118, 27.56, 27.56, 180],
		[359, "PAD90_2", 763.31, -1530, "T", "DIP", "+9V", "", "C", 55.118, 55.118, 27.56, 27.56, 180],
		[360, "PAD90_2", 763.31, -1530, "B", "DIP", "+9V", "", "C", 55.118, 55.118, 27.56, 27.56, 180],
		[361, "PAD91_1", 1176.69, -1675, "T", "DIP", "$1N2918", "", "C", 55.118, 55.118, 27.56, 27.56, 180],
		[362, "PAD91_1", 1176.69, -1675, "B", "DIP", "$1N2918", "", "C", 55.118, 55.118, 27.56, 27.56, 180],
		[363, "PAD92_2", 763.31, -1675, "T", "DIP", "+9V", "", "C", 55.118, 55.118, 27.56, 27.56, 180],
		[364, "PAD92_2", 763.31, -1675, "B", "DIP", "+9V", "", "C", 55.118, 55.118, 27.56, 27.56, 180],
		[365, "PAD93_1", 1440, -2106.69, "T", "DIP", "GND", "GND", "C", 55.118, 55.118, 27.56, 27.56, 90],
		[366, "PAD93_1", 1440, -2106.69, "B", "DIP", "GND", "GND", "C", 55.118, 55.118, 27.56, 27.56, 90],
		[367, "PAD94_2", 1440, -1693.31, "T", "DIP", "$1N2913", "", "C", 55.118, 55.118, 27.56, 27.56, 90],
		[368, "PAD94_2", 1440, -1693.31, "B", "DIP", "$1N2913", "", "C", 55.118, 55.118, 27.56, 27.56, 90],
		[369, "PAD95_1", 1315, -2106.69, "T", "DIP", "GND", "GND", "C", 55.118, 55.118, 27.56, 27.56, 90],
		[370, "PAD95_1", 1315, -2106.69, "B", "DIP", "GND", "GND", "C", 55.118, 55.118, 27.56, 27.56, 90],
		[371, "PAD96_2", 1315, -1693.31, "T", "DIP", "$1N2880", "", "C", 55.118, 55.118, 27.56, 27.56, 90],
		[372, "PAD96_2", 1315, -1693.31, "B", "DIP", "$1N2880", "", "C", 55.118, 55.118, 27.56, 27.56, 90],
		[373, "PAD97_1", 280, -1346.69, "T", "DIP", "GND", "GND", "C", 55.118, 55.118, 27.56, 27.56, 90],
		[374, "PAD97_1", 280, -1346.69, "B", "DIP", "GND", "GND", "C", 55.118, 55.118, 27.56, 27.56, 90],
		[375, "PAD98_2", 280, -933.31, "T", "DIP", "$1N1005", "", "C", 55.118, 55.118, 27.56, 27.56, 90],
		[376, "PAD98_2", 280, -933.31, "B", "DIP", "$1N1005", "", "C", 55.118, 55.118, 27.56, 27.56, 90]
	]
}
}